postal_code,FIPS,dem,gop,total
AL,01001,7450,19764,27639
AL,01003,24344,83055,108945
AL,01005,4772,5605,10457
AL,01007,1982,7508,9573
AL,01009,2627,24595,27459
AL,01011,3439,1143,4603
AL,01013,3953,5448,9466
AL,01015,15118,34964,50743
AL,01017,6356,8748,15269
AL,01019,1619,10562,12275
AL,01021,3056,16052,19260
AL,01023,3126,4294,7461
AL,01025,5730,7310,13102
AL,01027,1262,5589,6913
AL,01029,672,6472,7210
AL,01031,5050,16832,22180
AL,01033,7057,17311,24668
AL,01035,2951,3435,6419
AL,01037,1794,3626,5472
AL,01039,2717,14579,17418
AL,01041,1700,4864,6617
AL,01043,4454,36804,41751
AL,01045,5154,14281,19699
AL,01047,12228,5523,17861
AL,01049,4271,24744,29322
AL,01051,10304,30089,40891
AL,01053,4894,10844,15861
AL,01055,11487,35343,47460
AL,01057,1390,7295,8756
AL,01059,2085,10364,12564
AL,01061,1592,10844,12538
AL,01063,3880,875,4771
AL,01065,4687,3190,7922
AL,01067,2589,6593,9266
AL,01069,12738,32384,45750
AL,01071,3709,19644,23602
AL,01073,180936,138443,324675
AL,01075,978,6168,7187
AL,01077,11872,31578,44149
AL,01079,3544,12266,15957
AL,01081,27600,42019,70980
AL,01083,13510,34337,48754
AL,01085,4968,1835,6830
AL,01087,7084,1539,8697
AL,01089,86885,102395,193955
AL,01091,5476,5337,10882
AL,01093,1457,12190,13786
AL,01095,5880,33094,39492
AL,01097,78754,100605,181783
AL,01099,4425,6129,10620
AL,01101,64065,33122,98476
AL,01103,13159,39504,53482
AL,01105,3849,1336,5215
AL,01107,4017,5590,9659
AL,01109,5613,8020,13796
AL,01111,2203,8548,10824
AL,01113,11078,9796,21108
AL,01115,7698,36119,44346
AL,01117,33036,79428,114439
AL,01119,4639,1598,6282
AL,01121,13092,22210,35591
AL,01123,5815,14905,20888
AL,01125,37514,50961,89760
AL,01127,4826,25947,31106
AL,01129,2253,6554,8861
AL,01131,4036,1826,5884
AL,01133,974,10187,11273
AK,02702,2048,3570,5967
AK,02703,1813,5776,7960
AK,02704,5769,4660,10893
AK,02705,4012,3862,8217
AK,02706,2957,5198,8521
AK,02707,2029,6416,8773
AK,02708,1797,6874,8957
AK,02709,2552,7203,10153
AK,02710,2462,7106,9911
AK,02711,2897,6497,9740
AK,02712,2680,7119,10131
AK,02713,806,2385,3377
AK,02714,1120,3306,4626
AK,02715,2199,2238,4642
AK,02716,3826,3155,7256
AK,02717,1816,1823,3802
AK,02718,2047,1805,3997
AK,02719,2771,1723,4670
AK,02720,4423,2070,6669
AK,02721,4974,3355,8607
AK,02722,1937,3288,5387
AK,02723,3433,3288,6955
AK,02724,2032,3720,5923
AK,02725,4213,3945,8430
AK,02726,1938,3595,5715
AK,02727,1986,3000,5198
AK,02728,2549,4120,6863
AK,02729,2360,6150,8744
AK,02730,723,3823,4747
AK,02731,1261,3913,5381
AK,02732,1286,2548,4045
AK,02733,3380,1951,5545
AK,02734,5356,4197,9926
AK,02735,1514,2429,4090
AK,02736,1642,3251,5117
AK,02737,1486,1492,3123
AK,02738,2176,1327,3800
AK,02739,2939,1553,4812
AK,02740,1508,1506,3249
AZ,04001,22730,11240,34397
AZ,04003,22997,33580,57672
AZ,04005,44609,27043,73174
AZ,04007,8943,18377,27662
AZ,04009,4034,10747,14993
AZ,04011,1182,2433,3685
AZ,04012,2236,5129,7458
AZ,04013,1032538,986672,2050520
AZ,04015,24831,78534,104667
AZ,04017,23383,27657,51767
AZ,04019,298400,200799,506538
AZ,04021,75093,106966,185398
AZ,04023,13138,6194,19556
AZ,04025,49516,91242,142844
AZ,04027,31562,35766,68427
AR,05001,1813,4301,6284
AR,05003,2125,5548,7926
AR,05005,4625,15810,20968
AR,05007,41894,73605,119166
AR,05009,3061,13644,17103
AR,05011,1208,2332,3644
AR,05013,467,1609,2143
AR,05015,3941,7352,11639
AR,05017,2252,1750,4093
AR,05019,3413,4605,8358
AR,05021,959,4084,5178
AR,05023,1962,10292,12617
AR,05025,649,2857,3588
AR,05027,2781,5469,8550
AR,05029,2593,5672,8641
AR,05031,11854,25482,38364
AR,05033,4936,18566,24025
AR,05035,8325,7244,16086
AR,05037,1759,4928,6911
AR,05039,963,1573,2649
AR,05041,2016,1920,4163
AR,05043,2408,4338,6879
AR,05045,18267,34338,54264
AR,05047,1299,5675,7125
AR,05049,1031,3944,5098
AR,05051,14043,29065,44193
AR,05053,1268,6794,8200
AR,05055,3045,12651,16066
AR,05057,2135,4463,6838
AR,05059,3053,9178,12503
AR,05061,1333,3358,4818
AR,05063,2798,11232,14486
AR,05065,1019,4615,5792
AR,05067,1360,3583,5076
AR,05069,14882,9500,25030
AR,05071,2262,6867,9402
AR,05073,839,1757,2679
AR,05075,1080,4569,5857
AR,05077,1423,1286,2848
AR,05079,1031,2725,3870
AR,05081,1226,3714,5178
AR,05083,1544,6438,8222
AR,05085,6684,22884,30660
AR,05087,1555,5630,7315
AR,05089,1526,5767,7481
AR,05091,4235,11907,16506
AR,05093,4542,7262,12287
AR,05095,1146,1545,2815
AR,05097,722,3021,3839
AR,05099,1076,2133,3358
AR,05101,709,3192,3998
AR,05103,3395,5253,8993
AR,05105,1005,3466,4607
AR,05107,3561,2393,6155
AR,05109,644,3519,4246
AR,05111,1388,5852,7418
AR,05113,1242,7018,8468
AR,05115,5747,18041,24367
AR,05117,646,2764,3465
AR,05119,98855,62389,165468
AR,05121,1203,5327,6769
AR,05123,3571,3221,7054
AR,05125,16042,39519,56903
AR,05127,483,2962,3551
AR,05129,588,3365,4019
AR,05131,14371,31024,46838
AR,05133,1116,3884,5202
AR,05135,1392,5923,7544
AR,05137,1180,4616,5938
AR,05139,5559,10446,16548
AR,05141,1566,5962,7704
AR,05143,43327,47229,93467
AR,05145,5909,24057,30689
AR,05147,849,1543,2469
AR,05149,1275,5205,6711
CA,06001,602851,131985,750128
CA,06003,473,238,736
CA,06005,8147,13571,22282
CA,06007,49402,47568,99780
CA,06009,9845,16287,26717
CA,06011,3114,4399,7672
CA,06013,407639,148623,567882
CA,06015,4656,6434,11403
CA,06017,51157,60967,114766
CA,06019,188224,160689,356004
CA,06021,3815,6854,10890
CA,06023,31010,13756,45961
CA,06025,24551,13401,38727
CA,06027,4495,4436,9147
CA,06029,84946,94844,183717
CA,06031,17729,23169,41933
CA,06033,6874,3955,11038
CA,06035,2772,8798,11779
CA,06037,2947568,1107090,4139895
CA,06039,22438,28458,52029
CA,06041,112921,20505,135667
CA,06043,4088,5950,10280
CA,06045,18303,6312,25171
CA,06047,44260,35240,81356
CA,06049,1063,2675,3805
CA,06051,3998,2504,6713
CA,06053,107925,42784,154066
CA,06055,46962,19388,67847
CA,06057,30860,22059,54177
CA,06059,801749,664293,1496605
CA,06061,99585,110859,215442
CA,06063,4465,6247,10950
CA,06065,357566,294425,663167
CA,06067,338632,186311,536614
CA,06069,17315,10412,28317
CA,06071,367354,294786,675896
CA,06073,948902,589248,1574179
CA,06075,375630,55988,440418
CA,06077,112786,77038,193447
CA,06079,85183,64514,153409
CA,06081,264762,67750,338492
CA,06083,126419,63583,194378
CA,06085,587945,203648,808509
CA,06087,111534,26072,141079
CA,06089,28889,57894,88761
CA,06091,730,1142,1930
CA,06093,9456,12985,22991
CA,06095,129344,67793,201864
CA,06097,153342,40478,197603
CA,06099,97430,94152,195857
CA,06101,16961,23864,41694
CA,06103,8105,16346,25005
CA,06105,2383,2513,5095
CA,06107,64320,75471,142819
CA,06109,11808,17302,29820
CA,06111,248349,159791,417057
CA,06113,47504,16128,64934
CA,06115,10343,16210,27329
CO,08001,132951,94874,234599
CO,08003,3624,3676,7519
CO,08005,211498,126124,346740
CO,08007,3693,5126,9030
CO,08009,313,1840,2193
CO,08011,723,1468,2229
CO,08013,150247,39289,193656
CO,08014,28871,16188,46297
CO,08015,7112,6180,13620
CO,08017,127,966,1105
CO,08019,3495,2618,6290
CO,08021,1936,2269,4291
CO,08023,1279,713,2031
CO,08025,427,1262,1730
CO,08027,1104,2433,3585
CO,08029,5862,13013,19272
CO,08031,309879,70226,388817
CO,08033,332,1080,1431
CO,08035,104199,120661,230478
CO,08037,18095,9685,28427
CO,08039,4395,13722,18554
CO,08041,160265,200968,375058
CO,08043,7170,17231,25058
CO,08045,15070,14404,30216
CO,08047,2199,1815,4143
CO,08049,4676,4857,9804
CO,08051,6976,3599,10887
CO,08053,255,353,632
CO,08055,2071,2193,4389
CO,08057,173,680,873
CO,08059,218166,148227,376915
CO,08061,98,795,902
CO,08063,644,3084,3792
CO,08065,2287,1492,3938
CO,08067,20450,14194,35524
CO,08069,125765,91197,223653
CO,08071,3465,4255,7897
CO,08073,467,2118,2630
CO,08075,2201,7987,10411
CO,08077,30106,53344,85368
CO,08079,317,425,754
CO,08081,1186,5627,6964
CO,08083,5802,9267,15421
CO,08085,7648,16658,24764
CO,08087,3741,9407,13415
CO,08089,3552,5696,9459
CO,08091,2341,1547,3960
CO,08093,4786,6864,12032
CO,08095,477,1945,2461
CO,08097,8906,2739,11829
CO,08099,1438,3977,5507
CO,08101,43070,41502,86760
CO,08103,557,3047,3672
CO,08105,2488,3645,6280
CO,08107,10523,5883,16767
CO,08109,1857,1389,3337
CO,08111,342,202,563
CO,08113,3890,1081,5057
CO,08115,297,1120,1441
CO,08117,12535,5275,18330
CO,08119,5224,11158,16793
CO,08121,363,2537,2943
CO,08123,65169,94965,164791
CO,08125,763,4037,4885
DE,10001,44552,41009,87025
DE,10003,195034,88364,287633
DE,10005,56682,71230,129352
DC,11001,285728,16306,309190
FL,12001,89527,50891,142784
FL,12003,2037,11911,14082
FL,12005,25572,66063,93131
FL,12007,3160,10334,13650
FL,12009,148479,207857,360666
FL,12011,618597,333346,959418
FL,12013,1209,5274,6537
FL,12015,42240,73202,116481
FL,12017,27088,65348,93380
FL,12019,38294,84470,124622
FL,12021,77595,128936,207758
FL,12023,8912,23835,33039
FL,12027,4259,8313,12676
FL,12029,1364,6758,8171
FL,12031,252450,233687,492556
FL,12033,70893,96655,170311
FL,12035,28148,43039,71846
FL,12037,2118,4675,6857
FL,12039,16152,7465,23800
FL,12041,1700,7895,9702
FL,12043,1384,3781,5201
FL,12045,1985,6113,8172
FL,12047,1963,3815,5838
FL,12049,2298,6122,8485
FL,12051,4929,7904,12954
FL,12053,37446,70321,109176
FL,12055,16917,34846,52117
FL,12057,376196,327306,711722
FL,12059,924,8079,9077
FL,12061,37843,58870,97737
FL,12063,6766,15488,22419
FL,12065,3895,4478,8465
FL,12067,509,3128,3661
FL,12069,83491,125853,211702
FL,12071,157672,233242,393854
FL,12073,103492,57446,162895
FL,12075,6203,16746,23180
FL,12077,693,2846,3562
FL,12079,3747,5576,9380
FL,12081,90127,124966,216879
FL,12083,74848,127825,204621
FL,12085,36878,61152,98911
FL,12086,617647,532734,1158600
FL,12087,21864,25688,48112
FL,12089,15561,42563,58909
FL,12091,34227,79771,116677
FL,12093,4389,11470,15983
FL,12095,394857,245325,647059
FL,12097,97278,73467,172374
FL,12099,433392,334642,772839
FL,12101,118918,179545,301734
FL,12103,277397,276191,561125
FL,12105,145022,194571,343979
FL,12107,10524,25514,36408
FL,12109,63808,110886,176942
FL,12111,84115,86825,172130
FL,12113,27582,77349,106857
FL,12115,120050,148323,271063
FL,12117,132486,125217,260699
FL,12119,29331,62757,92609
FL,12121,4485,16410,21057
FL,12123,2299,7748,10122
FL,12125,1053,5133,6251
FL,12127,130451,173797,307891
FL,12129,5348,12873,18438
FL,12131,10336,32942,43786
FL,12133,2347,9876,12327
GA,13001,1779,6526,8341
GA,13003,825,2300,3155
GA,13005,625,4018,4668
GA,13007,652,897,1555
GA,13009,9140,8903,18251
GA,13011,932,7795,8801
GA,13013,10453,26804,38017
GA,13015,12091,37673,50465
GA,13017,2392,4110,6560
GA,13019,1269,6419,7743
GA,13021,43468,26585,70802
GA,13023,1311,4328,5706
GA,13025,699,6991,7746
GA,13027,2790,4260,7100
GA,13029,6739,14244,21340
GA,13031,11243,18386,30084
GA,13033,5209,5400,10684
GA,13035,3272,8405,11789
GA,13037,1260,923,2194
GA,13039,7967,15251,23688
GA,13043,1269,3134,4432
GA,13045,16238,37476,54474
GA,13047,6932,25167,32692
GA,13049,1103,3419,4566
GA,13051,78369,53288,133589
GA,13053,667,880,1590
GA,13055,1854,8064,10050
GA,13057,42794,99587,144830
GA,13059,35969,14412,51218
GA,13061,790,637,1434
GA,13063,95476,15813,112344
GA,13065,747,2105,2864
GA,13067,221844,165459,393744
GA,13069,4511,10578,15214
GA,13071,4187,11777,16083
GA,13073,29236,50013,80579
GA,13075,2059,4900,7035
GA,13077,24210,51501,76799
GA,13079,1615,4428,6102
GA,13081,2986,4987,8052
GA,13083,1261,6066,7434
GA,13085,2486,13398,16081
GA,13087,4780,6758,11627
GA,13089,308112,58361,370675
GA,13091,2171,5843,8070
GA,13093,1911,2159,4105
GA,13095,24579,10449,35308
GA,13097,42653,25323,68806
GA,13099,2437,2722,5187
GA,13101,167,1256,1441
GA,13103,7720,23357,31624
GA,13105,2879,6226,9171
GA,13107,2884,6551,9501
GA,13109,1324,2888,4247
GA,13111,2571,12169,14850
GA,13113,31933,36372,69238
GA,13115,10972,27120,38588
GA,13117,42203,85122,129305
GA,13119,1593,9069,10786
GA,13121,381057,137200,524532
GA,13123,2932,13429,16525
GA,13125,155,1403,1566
GA,13127,15879,25616,41984
GA,13129,4384,19405,24033
GA,13131,3619,7034,10707
GA,13133,4088,7068,11247
GA,13135,241827,166413,413865
GA,13137,3563,16637,20432
GA,13139,25002,64105,90424
GA,13141,2985,1159,4165
GA,13143,1792,12331,14272
GA,13145,5457,14319,19991
GA,13147,3157,9464,12727
GA,13149,824,4516,5397
GA,13151,73276,48187,122742
GA,13153,32232,41534,74823
GA,13155,1008,3134,4168
GA,13157,7642,29497,37670
GA,13159,1761,5822,7644
GA,13161,1028,4695,5771
GA,13163,4061,3537,7642
GA,13165,1266,2161,3455
GA,13167,1222,2850,4100
GA,13169,4888,9965,14966
GA,13171,2615,6330,9039
GA,13173,1019,2509,3576
GA,13175,8073,14493,22729
GA,13177,4558,12007,16714
GA,13179,13051,7944,21326
GA,13181,1435,3179,4650
GA,13183,2033,3528,5656
GA,13185,20117,25691,46355
GA,13187,3126,12163,15531
GA,13189,4168,6169,10455
GA,13191,2612,4016,6696
GA,13193,2857,1783,4662
GA,13195,3411,11326,14937
GA,13197,1311,2275,3624
GA,13199,4287,6524,10877
GA,13201,749,2066,2835
GA,13205,3995,4935,8963
GA,13207,4384,11060,15592
GA,13209,979,2960,3966
GA,13211,3355,8230,11707
GA,13213,2302,12943,15389
GA,13215,49529,30049,80543
GA,13217,29794,23869,54239
GA,13219,8162,16595,25168
GA,13221,2436,5593,8131
GA,13223,29658,54460,85273
GA,13225,5920,6502,12545
GA,13227,2808,14075,17116
GA,13229,1100,7899,9048
GA,13231,1505,9127,10720
GA,13233,3658,13589,17399
GA,13235,1217,2805,4059
GA,13237,3448,8291,11855
GA,13239,497,604,1106
GA,13241,1984,7474,9568
GA,13243,1671,1391,3074
GA,13245,59124,26781,87016
GA,13247,31244,13012,44686
GA,13249,462,1800,2275
GA,13251,2661,3916,6628
GA,13253,1254,2611,3884
GA,13255,11784,18057,30116
GA,13257,2385,9368,11885
GA,13259,1182,801,1990
GA,13261,6318,5732,12150
GA,13263,2114,1392,3522
GA,13265,561,360,928
GA,13267,2061,6053,8183
GA,13269,1387,2418,3839
GA,13271,1487,2825,4333
GA,13273,2376,2004,4416
GA,13275,8708,12954,21853
GA,13277,5322,10784,16283
GA,13279,2939,7872,10914
GA,13281,1550,6384,7979
GA,13283,952,2101,3077
GA,13285,11585,18146,30059
GA,13287,1410,2349,3792
GA,13289,2044,2370,4444
GA,13291,2801,12651,15592
GA,13293,4201,8608,12905
GA,13295,5769,23174,29436
GA,13297,12634,37617,50812
GA,13299,4249,9930,14296
GA,13301,1488,1177,2681
GA,13303,4730,4663,9459
GA,13305,2687,9987,12778
GA,13307,639,748,1390
GA,13309,689,1583,2285
GA,13311,2411,12222,14816
GA,13313,10670,25636,36746
GA,13315,862,2403,3281
GA,13317,2159,2823,5029
GA,13319,2075,2664,4770
GA,13321,2395,6831,9286
HI,15001,58683,26851,87716
HI,15003,238601,136061,381627
HI,15007,21217,11579,33486
HI,15009,47301,22111,71025
ID,16001,120539,130699,259389
ID,16003,591,1941,2586
ID,16005,14682,23331,39553
ID,16007,350,2814,3215
ID,16009,977,3878,4972
ID,16011,4124,15295,20094
ID,16013,8919,4031,13288
ID,16015,1214,3495,4840
ID,16017,8310,18369,27352
ID,16019,14254,37805,53995
ID,16021,1220,4937,6313
ID,16023,188,1202,1415
ID,16025,149,507,754
ID,16027,25881,61759,90438
ID,16029,431,2906,3416
ID,16031,1464,7907,9629
ID,16033,41,264,311
ID,16035,877,3453,4419
ID,16037,603,2089,2737
ID,16039,2601,7246,10205
ID,16041,657,5845,6664
ID,16043,998,5548,6719
ID,16045,1803,7951,9958
ID,16047,1256,4659,6050
ID,16049,1561,7826,9602
ID,16051,1658,12099,14171
ID,16053,1893,5734,7812
ID,16055,24312,62837,89878
ID,16057,10199,9463,20521
ID,16059,1032,3592,4738
ID,16061,349,1489,1870
ID,16063,414,1469,1940
ID,16065,2666,13559,17112
ID,16067,1550,6265,7993
ID,16069,6686,13738,20967
ID,16071,249,2148,2451
ID,16073,816,3819,4742
ID,16075,2161,8862,11293
ID,16077,865,2116,3086
ID,16079,1693,4216,6049
ID,16081,3318,2858,6347
ID,16083,9391,25897,36680
ID,16085,2976,3947,7063
ID,16087,1073,4154,5344
IL,17001,8569,24131,33434
IL,17003,2522,3056,5631
IL,17005,2275,5612,8109
IL,17007,10372,13762,24672
IL,17009,485,1930,2523
IL,17011,6545,10296,17182
IL,17013,674,2043,2767
IL,17015,2737,5098,8006
IL,17017,1615,3624,5325
IL,17019,55173,34774,93019
IL,17021,4286,11505,16094
IL,17023,1990,6215,8340
IL,17025,1129,5626,6896
IL,17027,4459,14264,19139
IL,17029,7997,13981,22470
IL,17031,1572859,517811,2123897
IL,17033,2198,7025,9419
IL,17035,1141,4595,5843
IL,17037,24484,21818,47717
IL,17039,2171,5623,7994
IL,17041,2327,6221,8746
IL,17043,269638,187957,467186
IL,17045,1869,6169,8152
IL,17047,488,2833,3368
IL,17049,3700,14983,19041
IL,17051,1815,8025,10033
IL,17053,1691,4956,6809
IL,17055,4690,13514,18488
IL,17057,6371,9798,16517
IL,17059,621,2019,2673
IL,17061,1349,4767,6224
IL,17063,9445,16372,26400
IL,17065,821,3429,4316
IL,17067,1114,5309,6565
IL,17069,0,0,0
IL,17071,1186,2391,3652
IL,17073,9762,15266,25624
IL,17075,2895,10858,14011
IL,17077,11104,10835,22575
IL,17079,1006,4492,5582
IL,17081,4597,12461,17409
IL,17083,2956,8699,11942
IL,17085,5097,7161,12477
IL,17087,1280,5052,6442
IL,17089,130069,96739,231734
IL,17091,20112,28410,49729
IL,17093,31394,28515,61327
IL,17095,10421,11818,22716
IL,17097,196479,120938,323706
IL,17099,21491,29482,52053
IL,17101,1414,4849,6379
IL,17103,6368,9584,16351
IL,17105,4568,12134,17049
IL,17107,3769,9042,13117
IL,17109,4973,7009,12290
IL,17111,73610,79396,156805
IL,17113,43719,40365,87013
IL,17115,19633,28373,48934
IL,17117,7313,16058,23919
IL,17119,56845,75272,135686
IL,17121,4396,12540,17214
IL,17123,2004,4196,6343
IL,17125,1984,4645,6756
IL,17127,1719,4989,6803
IL,17129,2003,4722,6889
IL,17131,3212,5328,8750
IL,17133,6489,14046,21024
IL,17135,3889,9504,13701
IL,17137,5020,9903,15229
IL,17139,1645,4938,6698
IL,17141,9300,16092,26040
IL,17143,42600,37612,82264
IL,17145,2609,7305,10060
IL,17147,3302,6219,9791
IL,17149,1458,6235,7836
IL,17151,432,1720,2172
IL,17153,891,1699,2631
IL,17155,1309,1978,3345
IL,17157,3590,11065,14896
IL,17159,1355,7988,9343
IL,17161,36647,28585,66750
IL,17163,66698,56000,125220
IL,17165,2786,8096,11079
IL,17167,48756,53303,104395
IL,17169,1064,2767,3908
IL,17171,569,2104,2730
IL,17173,2488,9396,12049
IL,17175,814,2000,2881
IL,17177,8756,12253,21446
IL,17179,24486,42194,68358
IL,17181,2575,6157,8896
IL,17183,10313,20710,31617
IL,17185,1248,4228,5592
IL,17187,3087,4671,7916
IL,17189,1639,6110,7914
IL,17191,1185,7172,8446
IL,17193,1517,5788,7428
IL,17195,12195,14472,27254
IL,17197,174226,149695,330593
IL,17199,10107,22681,33503
IL,17201,58791,60592,121966
IL,17203,5976,14590,21079
IN,18001,3236,10685,14238
IN,18003,72825,91885,168964
IN,18005,12934,22409,36299
IN,18007,1009,3007,4115
IN,18009,1376,3838,5354
IN,18011,15244,22351,38500
IN,18013,2996,5725,8886
IN,18015,2224,7086,9514
IN,18017,4301,10551,15185
IN,18019,23088,33656,58040
IN,18021,2549,9498,12277
IN,18023,3361,9334,12961
IN,18025,1369,3499,4975
IN,18027,2169,9576,11971
IN,18029,5444,19524,25355
IN,18031,2436,9570,12296
IN,18033,4966,14237,19656
IN,18035,20328,26724,48089
IN,18037,6292,15032,21805
IN,18039,25413,46311,73225
IN,18041,2237,7755,10146
IN,18043,17507,23385,41742
IN,18045,1627,6151,7978
IN,18047,2137,9691,12018
IN,18049,2274,6667,9110
IN,18051,4027,11817,16165
IN,18053,8015,18543,27230
IN,18055,3389,11103,14782
IN,18057,88367,101563,193823
IN,18059,12821,28816,42645
IN,18061,5334,14542,20198
IN,18063,32453,53688,88430
IN,18065,5543,15043,21020
IN,18067,13270,26400,40619
IN,18069,4254,13147,17809
IN,18071,4302,14555,19238
IN,18073,3798,11383,15495
IN,18075,1926,6361,8466
IN,18077,4731,9659,14725
IN,18079,2521,9488,12246
IN,18081,24729,51209,77784
IN,18083,4067,11654,16027
IN,18085,8350,26476,35846
IN,18087,2355,8110,10633
IN,18089,124801,91733,220233
IN,18091,22419,25991,49469
IN,18093,4961,15601,21071
IN,18095,19459,31153,51633
IN,18097,247265,133968,390405
IN,18099,5712,13841,19915
IN,18101,1011,4029,5155
IN,18103,3235,10925,14493
IN,18105,39855,22062,63020
IN,18107,4212,12659,17197
IN,18109,7777,27510,36214
IN,18111,1509,4942,6591
IN,18113,4660,14195,19217
IN,18115,750,2392,3164
IN,18117,2224,6432,8830
IN,18119,2419,7285,9915
IN,18121,1503,5398,7020
IN,18123,3202,5343,8734
IN,18125,1415,4692,6220
IN,18127,39537,44899,86089
IN,18129,3811,9206,13264
IN,18131,1463,4246,5813
IN,18133,3946,12278,16595
IN,18135,2512,8312,11078
IN,18137,2774,11261,14264
IN,18139,1754,6035,7932
IN,18141,59870,53152,115547
IN,18143,2698,7328,10176
IN,18145,5023,14568,20017
IN,18147,3208,7354,10781
IN,18149,2650,7466,10309
IN,18151,4509,11322,16175
IN,18153,2153,6687,9004
IN,18155,964,3133,4152
IN,18157,34993,34571,71395
IN,18159,1834,6110,8124
IN,18161,736,2687,3491
IN,18163,34404,41838,77563
IN,18165,2145,5184,7480
IN,18167,18080,24512,43593
IN,18169,3494,10762,14598
IN,18171,974,3401,4473
IN,18173,11919,21324,33884
IN,18175,2783,9112,12126
IN,18177,9524,17567,27662
IN,18179,2928,10855,14080
IN,18181,2868,7353,10402
IN,18183,4233,12856,17581
IA,19001,1197,2917,4183
IA,19003,590,1528,2158
IA,19005,2575,4733,7459
IA,19007,1891,4512,6506
IA,19009,1071,2295,3416
IA,19011,5156,9179,14627
IA,19013,35621,29623,66549
IA,19015,6303,8695,15306
IA,19017,5954,8287,14534
IA,19019,4169,6420,10764
IA,19021,2919,5004,8072
IA,19023,2424,5542,8084
IA,19025,1470,3689,5249
IA,19027,3454,7737,11306
IA,19029,2201,4969,7266
IA,19031,4337,6161,10703
IA,19033,10941,12435,23794
IA,19035,1936,4495,6503
IA,19037,2233,4308,6617
IA,19039,1466,3140,4666
IA,19041,2662,6137,8948
IA,19043,3340,6106,9581
IA,19045,10806,13349,24669
IA,19047,2220,4854,7146
IA,19049,26879,27987,55847
IA,19051,1013,3032,4099
IA,19053,1120,2615,3801
IA,19055,3157,6666,9981
IA,19057,8887,10589,19947
IA,19059,3661,7438,11230
IA,19061,25655,27214,53924
IA,19063,1520,3265,4850
IA,19065,3834,6145,10184
IA,19067,3168,4730,8026
IA,19069,1626,3422,5119
IA,19071,1078,2711,3855
IA,19073,1768,3221,5054
IA,19075,2206,4929,7260
IA,19077,1985,4272,6369
IA,19079,2842,4956,8516
IA,19081,1683,4390,6161
IA,19083,2976,5850,8975
IA,19085,2440,5569,8144
IA,19087,3275,6507,9964
IA,19089,1772,3127,4952
IA,19091,1442,3819,5321
IA,19093,917,2876,3845
IA,19095,3547,6009,9716
IA,19097,4029,6940,11118
IA,19099,7737,12082,20181
IA,19101,4314,4442,8952
IA,19103,59177,22925,83570
IA,19105,4213,6572,10965
IA,19107,1414,3797,5291
IA,19109,2696,6275,9077
IA,19111,6539,9763,16721
IA,19113,70451,53098,126716
IA,19115,1726,3500,5326
IA,19117,1284,3287,4630
IA,19119,1067,5707,6852
IA,19121,3134,6507,9806
IA,19123,2894,8297,11381
IA,19125,6170,12657,19217
IA,19127,8171,9564,18122
IA,19129,2500,5572,8247
IA,19131,2053,3677,5815
IA,19133,1407,3248,4714
IA,19135,1078,2975,4085
IA,19137,1583,3659,5320
IA,19139,9372,10823,20629
IA,19141,1569,5861,7541
IA,19143,600,2688,3325
IA,19145,2081,5314,7509
IA,19147,1519,3370,4950
IA,19149,3494,10492,14165
IA,19151,932,2825,3821
IA,19153,146250,106800,257991
IA,19155,18570,26241,45733
IA,19157,4306,5657,10124
IA,19159,708,1964,2709
IA,19161,1389,4061,5527
IA,19163,46890,43661,92639
IA,19165,1959,4697,6781
IA,19167,3019,15680,18956
IA,19169,28975,20200,50668
IA,19171,3577,5303,9026
IA,19173,746,2463,3242
IA,19175,2061,4010,6171
IA,19177,875,2859,3788
IA,19179,5821,9516,15613
IA,19181,12537,17738,30955
IA,19183,4558,6966,11757
IA,19185,727,2338,3103
IA,19187,6604,10927,17802
IA,19189,2135,3707,5951
IA,19191,5617,6235,12036
IA,19193,18704,25736,45172
IA,19195,1596,2738,4414
IA,19197,1996,4136,6242
KS,20001,1559,4155,5842
KS,20003,765,2874,3720
KS,20005,2314,4826,7312
KS,20007,284,1992,2313
KS,20009,2302,8480,10961
KS,20011,1505,4910,6550
KS,20013,1088,3206,4396
KS,20015,9003,22250,31946
KS,20017,341,1114,1478
KS,20019,212,1397,1634
KS,20021,2163,6622,8945
KS,20023,220,1158,1400
KS,20025,143,885,1048
KS,20027,883,3129,4134
KS,20029,893,3182,4174
KS,20031,928,3407,4448
KS,20033,126,745,904
KS,20035,4171,9442,13911
KS,20037,5971,9752,16125
KS,20039,208,1232,1458
KS,20041,2040,7045,9246
KS,20043,678,2949,3674
KS,20045,39436,16737,57540
KS,20047,267,1127,1413
KS,20049,191,1130,1347
KS,20051,3633,9569,13501
KS,20053,646,2106,2806
KS,20055,4155,7079,11466
KS,20057,2926,5763,8850
KS,20059,3623,8326,12247
KS,20061,3825,5193,9311
KS,20063,163,1256,1433
KS,20065,222,1052,1302
KS,20067,497,1910,2452
KS,20069,337,1871,2240
KS,20071,77,537,629
KS,20073,562,2404,3030
KS,20075,134,684,837
KS,20077,453,2128,2626
KS,20079,6652,10015,17034
KS,20081,261,1103,1383
KS,20083,151,866,1033
KS,20085,1852,4435,6468
KS,20087,3106,6193,9581
KS,20089,211,1369,1608
KS,20091,177925,151280,336277
KS,20093,255,1134,1413
KS,20095,745,3102,3929
KS,20097,153,957,1139
KS,20099,2607,5639,8414
KS,20101,114,757,888
KS,20103,13753,21378,36115
KS,20105,266,1273,1570
KS,20107,863,3940,4903
KS,20109,185,1231,1437
KS,20111,5878,7381,13622
KS,20113,3977,9562,13868
KS,20115,1463,4377,5969
KS,20117,1239,3662,5023
KS,20119,261,1508,1807
KS,20121,5133,12116,17624
KS,20123,547,2454,3039
KS,20125,3147,9768,13177
KS,20127,721,2085,2849
KS,20129,147,1004,1163
KS,20131,920,4612,5625
KS,20133,1727,4795,6629
KS,20135,147,1315,1487
KS,20137,361,1977,2390
KS,20139,2099,5591,7893
KS,20141,275,1590,1899
KS,20143,504,2581,3159
KS,20145,635,2028,2712
KS,20147,373,2855,3278
KS,20149,3257,9247,12815
KS,20151,924,3087,4107
KS,20153,214,1253,1496
KS,20155,8602,17948,27245
KS,20157,420,2172,2643
KS,20159,953,3187,4230
KS,20161,11940,11174,23855
KS,20163,332,2294,2661
KS,20165,291,1425,1748
KS,20167,591,2765,3429
KS,20169,8022,15313,23911
KS,20171,290,1991,2322
KS,20173,90820,117653,213552
KS,20175,1736,3285,5099
KS,20177,42032,39890,84061
KS,20179,144,1237,1397
KS,20181,386,2222,2673
KS,20183,328,1734,2092
KS,20185,355,1631,2017
KS,20187,147,607,767
KS,20189,233,1731,1997
KS,20191,2551,7998,10779
KS,20193,622,3106,3794
KS,20195,238,1341,1603
KS,20197,956,2813,3861
KS,20199,44,762,817
KS,20201,467,2332,2843
KS,20203,147,803,961
KS,20205,711,3111,3899
KS,20207,283,1189,1495
KS,20209,35566,18512,55107
KY,21001,1391,7275,8766
KY,21003,1642,7586,9363
KY,21005,3339,9651,13261
KY,21007,825,3356,4225
KY,21009,5115,14646,20079
KY,21011,1573,3986,5627
KY,21013,1789,8140,10044
KY,21015,20897,44811,66953
KY,21017,3296,6190,9643
KY,21019,7083,14295,21741
KY,21021,5298,8872,14467
KY,21023,799,3397,4244
KY,21025,1301,4265,5667
KY,21027,2350,7701,10197
KY,21029,10551,30708,41964
KY,21031,1078,4960,6125
KY,21033,1432,4905,6436
KY,21035,5794,11351,17443
KY,21037,19373,28482,48833
KY,21039,463,2159,2638
KY,21041,1116,2954,4135
KY,21043,2642,8775,11585
KY,21045,918,6179,7180
KY,21047,8296,15080,23863
KY,21049,6004,11811,18128
KY,21051,831,6677,7590
KY,21053,603,4280,4932
KY,21055,731,3451,4242
KY,21057,508,2769,3309
KY,21059,17283,31023,49240
KY,21061,1227,4828,6131
KY,21063,712,2246,2995
KY,21065,1355,5100,6538
KY,21067,90566,58845,152664
KY,21069,1474,5534,7066
KY,21071,3855,12211,16381
KY,21073,12650,12900,26059
KY,21075,791,1605,2421
KY,21077,822,2955,3849
KY,21079,1830,6754,8703
KY,21081,2205,8725,11106
KY,21083,3559,13206,17018
KY,21085,2400,9453,11983
KY,21087,920,4838,5812
KY,21089,4873,13064,18176
KY,21091,1351,3145,4587
KY,21093,18101,29832,48941
KY,21095,1494,9367,10971
KY,21097,2400,6334,8853
KY,21099,1908,6345,8369
KY,21101,7639,12730,20688
KY,21103,2142,5843,8107
KY,21105,458,1714,2199
KY,21107,5439,15757,21509
KY,21109,605,5450,6116
KY,21111,228288,150619,386093
KY,21113,8567,17096,26251
KY,21115,1607,8446,10193
KY,21117,32265,48123,82184
KY,21119,1412,4779,6251
KY,21121,2111,11010,13279
KY,21123,1504,5685,7301
KY,21125,4474,23234,28097
KY,21127,1238,5633,6955
KY,21129,459,2159,2659
KY,21131,446,4318,4814
KY,21133,1799,7226,9135
KY,21135,823,4986,5883
KY,21137,2254,8489,10913
KY,21139,939,4010,5003
KY,21141,3094,9067,12346
KY,21143,1092,3100,4228
KY,21145,11190,21820,33521
KY,21147,725,5664,6435
KY,21149,1074,3633,4782
KY,21151,15580,27353,43903
KY,21153,1213,4174,5446
KY,21155,2722,6113,8928
KY,21157,4071,13297,17601
KY,21159,403,3496,3930
KY,21161,2362,5477,7958
KY,21163,3632,10184,14110
KY,21165,750,2311,3102
KY,21167,3033,8506,11735
KY,21169,973,3957,5014
KY,21171,657,4628,5330
KY,21173,3630,8993,12837
KY,21175,1172,4297,5535
KY,21177,3544,10496,14229
KY,21179,7188,15703,23245
KY,21181,954,2407,3396
KY,21183,2404,8582,11127
KY,21185,14504,22651,37936
KY,21187,1098,4292,5456
KY,21189,216,1670,1895
KY,21191,1322,5515,6925
KY,21193,2350,8118,10606
KY,21195,4862,20279,25368
KY,21197,1367,4041,5505
KY,21199,5664,25441,31537
KY,21201,253,884,1146
KY,21203,1134,6577,7783
KY,21205,3880,5994,10058
KY,21207,1329,7506,8939
KY,21209,10564,17764,28950
KY,21211,8076,15054,23542
KY,21213,2681,5888,8732
KY,21215,2530,8737,11429
KY,21217,2961,9376,12510
KY,21219,1202,4060,5351
KY,21221,1791,5487,7375
KY,21223,1012,3227,4319
KY,21225,1529,4965,6576
KY,21227,22477,31790,55351
KY,21229,1644,4482,6223
KY,21231,1700,7430,9240
KY,21233,1412,4506,5991
KY,21235,2552,12567,15347
KY,21237,837,2097,2981
KY,21239,6530,8362,15211
LA,22001,5443,22596,28425
LA,22003,2108,7574,9810
LA,22005,20399,40687,62325
LA,22007,3833,7271,11235
LA,22009,4979,12028,17292
LA,22011,2542,13575,16357
LA,22013,3067,3891,7050
LA,22015,15662,38074,54655
LA,22017,55110,48021,104912
LA,22019,25982,55066,82663
LA,22021,745,3976,4762
LA,22023,324,3671,4039
LA,22025,1269,3541,4858
LA,22027,2731,3770,6580
LA,22029,3177,5550,8828
LA,22031,5457,9112,14736
LA,22033,115577,88420,208182
LA,22035,1900,1080,3036
LA,22037,4280,6064,10509
LA,22039,4158,11053,15412
LA,22041,2658,6970,9720
LA,22043,1157,8117,9392
LA,22045,11027,21251,32713
LA,22047,8514,7893,16719
LA,22049,2143,5394,7632
LA,22051,84477,105949,193733
LA,22053,3208,11423,14841
LA,22055,39685,72519,114521
LA,22057,8672,36024,45388
LA,22059,638,6378,7077
LA,22061,7559,11311,19275
LA,22063,9249,54877,65230
LA,22065,2654,1930,4670
LA,22067,4946,6510,11574
LA,22069,6896,9358,16554
LA,22071,147854,26664,177819
LA,22073,25913,42255,69166
LA,22075,3414,7412,11014
LA,22077,4683,7503,12371
LA,22079,19475,38347,58865
LA,22081,1644,2413,4132
LA,22083,3225,6607,9940
LA,22085,1731,8776,10596
LA,22087,6151,11179,17650
LA,22089,9800,18233,28517
LA,22091,3346,2714,6158
LA,22093,6510,5954,12590
LA,22095,13582,7538,21432
LA,22097,17372,23171,41154
LA,22099,8439,18203,27038
LA,22101,8055,14811,23186
LA,22103,37746,99666,140110
LA,22105,18887,37806,57661
LA,22107,1329,1197,2554
LA,22109,11198,34339,46240
LA,22111,2654,8407,11201
LA,22113,5009,21930,27324
LA,22115,2898,14107,17268
LA,22117,5970,13307,19513
LA,22119,6172,11830,18216
LA,22121,6200,7684,14097
LA,22123,710,4317,5052
LA,22125,2298,3863,6268
LA,22127,1543,4619,6225
MD,24001,8464,20213,29130
MD,24003,150244,117544,273064
MD,24005,195505,125463,326441
MD,24009,22185,24957,48023
MD,24011,4704,9899,14940
MD,24013,35316,58883,96848
MD,24015,16053,28797,45853
MD,24017,56204,24227,81617
MD,24019,5295,7804,13371
MD,24021,74622,62043,139754
MD,24023,3098,11654,15045
MD,24025,57749,77238,137829
MD,24027,123629,46779,173750
MD,24029,4914,4900,10015
MD,24031,309170,79233,394691
MD,24033,353732,34812,394664
MD,24035,10209,18179,28990
MD,24037,22511,30245,54097
MD,24039,3542,5407,9075
MD,24041,10408,10524,21305
MD,24043,24869,39148,65209
MD,24045,20150,21881,42947
MD,24047,9795,16380,26511
MD,24510,193130,23872,220296
MI,26001,2142,4848,7063
MI,26003,2053,3014,5135
MI,26005,24447,41381,67182
MI,26007,6000,10686,16966
MI,26009,7289,9783,17347
MI,26011,2773,5928,8830
MI,26013,1478,2512,4036
MI,26015,11804,23473,35914
MI,26017,26653,33347,60985
MI,26019,5480,6600,12259
MI,26021,37438,43518,82378
MI,26023,6161,14067,20541
MI,26025,28417,35900,65568
MI,26027,9122,16686,26221
MI,26029,6939,9841,17000
MI,26031,5435,10171,15849
MI,26033,6651,10682,17675
MI,26035,5200,10860,16280
MI,26037,21963,25095,47902
MI,26039,2612,4955,7665
MI,26041,7605,13206,21154
MI,26043,4569,8469,13268
MI,26045,31297,31797,64451
MI,26047,9662,12135,22176
MI,26049,120082,99199,222969
MI,26051,4524,9893,14603
MI,26053,3573,4600,8279
MI,26055,28682,30502,60226
MI,26057,6693,12102,19148
MI,26059,5883,17037,23288
MI,26061,7755,10380,18540
MI,26063,5349,11949,17523
MI,26065,94221,47640,144797
MI,26067,10899,20655,32201
MI,26069,5371,9760,15386
MI,26071,2493,4216,6795
MI,26073,14072,14815,29409
MI,26075,32004,47381,81032
MI,26077,83674,56823,143363
MI,26079,3003,7436,10627
MI,26081,186753,165318,359223
MI,26083,672,862,1557
MI,26085,2288,3946,6332
MI,26087,16368,35480,52639
MI,26089,8793,7915,16930
MI,26091,20916,31539,53448
MI,26093,48218,76980,127162
MI,26095,842,2109,3101
MI,26097,2632,4304,7015
MI,26099,225561,264535,496523
MI,26101,6107,8321,14654
MI,26103,20465,16288,37460
MI,26105,6802,10207,17249
MI,26107,7373,13265,21077
MI,26109,4314,8120,12622
MI,26111,20493,27675,49175
MI,26113,1967,6648,8755
MI,26115,32975,52710,87148
MI,26117,9703,21815,32086
MI,26119,1628,4171,5863
MI,26121,45508,44544,91701
MI,26123,7874,18864,27164
MI,26125,433982,325916,771769
MI,26127,4944,8892,14080
MI,26129,3475,8253,11907
MI,26131,1391,2358,3810
MI,26133,3214,8928,12340
MI,26135,1342,3466,4874
MI,26137,4743,9779,14756
MI,26139,64566,100511,168074
MI,26141,2912,5343,8360
MI,26143,5166,9670,15018
MI,26145,51088,50785,103347
MI,26147,31363,59186,92064
MI,26149,9262,18128,27982
MI,26151,5966,16194,22446
MI,26153,1589,3090,4745
MI,26155,15371,23154,39250
MI,26157,8713,20310,29495
MI,26159,16800,21591,39060
MI,26161,157130,56241,216924
MI,26163,587074,264149,861821
MI,26165,5838,12102,18292
MN,27001,3607,6258,10010
MN,27003,100892,104903,210491
MN,27005,6592,12452,19418
MN,27007,11426,12188,24131
MN,27009,7281,14382,22219
MN,27011,1052,1862,2972
MN,27013,18330,16731,35969
MN,27015,4750,9550,14630
MN,27017,10094,9787,20361
MN,27019,30770,34012,66119
MN,27021,6342,11621,18256
MN,27023,2226,4250,6611
MN,27025,11803,21915,34493
MN,27027,16345,15031,32215
MN,27029,1258,3371,4705
MN,27031,2496,1203,3785
MN,27033,1834,4165,6097
MN,27035,13726,25676,40073
MN,27037,145510,109183,261107
MN,27039,4074,7774,12153
MN,27041,7868,15799,24120
MN,27043,2531,5191,7892
MN,27045,4551,7301,12104
MN,27047,6889,9578,16791
MN,27049,11805,16052,28566
MN,27051,1300,2269,3650
MN,27053,532608,205966,753159
MN,27055,4851,6334,11438
MN,27057,4462,8202,12927
MN,27059,7138,16491,24162
MN,27061,10787,15239,26512
MN,27063,1744,3945,5809
MN,27065,2774,6278,9224
MN,27067,8440,14437,23313
MN,27069,1006,1546,2639
MN,27071,2657,4131,6920
MN,27073,1445,2527,4039
MN,27075,3646,3392,7200
MN,27077,671,1704,2405
MN,27079,5671,10775,16775
MN,27081,937,2120,3114
MN,27083,4630,7979,12889
MN,27085,6413,13986,20888
MN,27087,1112,1143,2303
MN,27089,1295,3721,5101
MN,27091,3304,7476,11038
MN,27093,3867,9358,13496
MN,27095,4403,9953,14666
MN,27097,4367,14819,19523
MN,27099,8997,10067,19441
MN,27101,1449,3363,4883
MN,27103,9622,9018,19124
MN,27105,2928,5598,8708
MN,27107,1404,1954,3434
MN,27109,49492,39692,91086
MN,27111,11940,23794,36372
MN,27113,2568,4532,7263
MN,27115,5416,10256,15998
MN,27117,1306,3553,4932
MN,27119,5435,9857,15581
MN,27121,2478,4413,7019
MN,27123,211362,77324,294513
MN,27125,689,1450,2190
MN,27127,2358,5775,8290
MN,27129,2497,5465,8115
MN,27131,17402,17463,35608
MN,27133,1554,3580,5235
MN,27135,2182,6053,8390
MN,27137,67836,49214,119859
MN,27139,40037,45871,87729
MN,27141,18065,36221,55486
MN,27143,2417,5864,8451
MN,27145,31883,50960,84647
MN,27147,7917,12656,21076
MN,27149,1921,3044,5062
MN,27151,1784,3316,5185
MN,27153,3286,9755,13238
MN,27155,662,1173,1864
MN,27157,4696,8153,13097
MN,27159,2023,5520,7661
MN,27161,3496,6624,10389
MN,27163,89163,73764,166266
MN,27165,1987,3103,5191
MN,27167,1027,2333,3435
MN,27169,13333,13227,27108
MN,27171,30854,53565,86535
MN,27173,1685,3734,5525
MS,28001,6914,5222,12268
MS,28003,2741,12689,15639
MS,28005,2114,3781,5974
MS,28007,3542,5178,8832
MS,28009,1661,2553,4257
MS,28011,7203,4260,11631
MS,28013,1878,4592,6536
MS,28015,1203,3257,4509
MS,28017,3808,4173,8143
MS,28019,1170,2971,4175
MS,28021,2337,479,2886
MS,28023,2815,5372,8277
MS,28025,5728,4147,10054
MS,28027,5189,1846,7136
MS,28029,5227,5407,10800
MS,28031,3382,5811,9294
MS,28033,27733,45788,75013
MS,28035,10603,15326,26540
MS,28037,1476,2894,4431
MS,28039,1208,9602,10940
MS,28041,952,4740,5748
MS,28043,2866,4889,7838
MS,28045,3095,13999,17403
MS,28047,18499,41281,60941
MS,28049,59192,21242,81811
MS,28051,5182,1196,6542
MS,28053,2994,1115,4164
MS,28055,355,308,676
MS,28057,1230,9374,10743
MS,28059,12061,32563,45486
MS,28061,4287,4256,8642
MS,28063,3325,529,3907
MS,28065,3590,2529,6199
MS,28067,7017,19130,26492
MS,28069,2275,1609,3935
MS,28071,6904,9878,17163
MS,28073,5821,17700,23952
MS,28075,12668,17812,30811
MS,28077,2240,4254,6564
MS,28079,3358,4973,8407
MS,28081,9910,21297,31762
MS,28083,5444,2623,8178
MS,28085,3978,10107,14247
MS,28087,12913,13699,26993
MS,28089,18931,26188,45832
MS,28091,3421,7783,11338
MS,28093,6283,6591,13064
MS,28095,4565,9677,14461
MS,28097,2084,2866,4972
MS,28099,3247,8311,11698
MS,28101,2542,6037,8678
MS,28103,2867,1057,3981
MS,28105,10257,8972,19737
MS,28107,7276,7976,15421
MS,28109,4068,19283,23656
MS,28111,1340,4426,5825
MS,28113,7328,7106,14640
MS,28115,2580,11425,14215
MS,28117,2128,8274,10539
MS,28119,2138,1020,3211
MS,28121,13496,39025,53400
MS,28123,3575,5688,9386
MS,28125,1440,687,2157
MS,28127,3384,6552,10066
MS,28129,1518,5697,7285
MS,28131,1208,5239,6546
MS,28133,6741,2784,9628
MS,28135,3105,2488,5691
MS,28137,4122,8619,12923
MS,28139,1906,7987,10001
MS,28141,1050,7854,9057
MS,28143,2525,912,3494
MS,28145,1792,9052,10989
MS,28147,2236,3426,5721
MS,28149,10681,10236,21162
MS,28151,6218,4114,10514
MS,28153,3592,6264,9988
MS,28155,1024,4255,5347
MS,28157,2730,1311,4098
MS,28159,4009,5084,9184
MS,28161,2767,3658,6506
MS,28163,4533,4370,9012
MO,29001,3705,6391,10337
MO,29003,2351,7256,9775
MO,29005,564,2199,2814
MO,29007,2703,7727,10660
MO,29009,2948,12425,15598
MO,29011,844,5168,6077
MO,29013,1672,6595,8435
MO,29015,2179,8106,10478
MO,29017,749,5162,5981
MO,29019,49999,38596,91004
MO,29021,13445,22450,36713
MO,29023,3301,14599,18165
MO,29025,897,3725,4696
MO,29027,5868,14812,21178
MO,29029,5640,18825,24774
MO,29031,10738,28873,40252
MO,29033,785,3706,4531
MO,29035,418,2451,2906
MO,29037,19035,37172,57524
MO,29039,1143,5786,7039
MO,29041,916,3109,4074
MO,29043,11126,34904,46904
MO,29045,678,2672,3394
MO,29047,59519,64583,126618
MO,29049,2894,7789,10894
MO,29051,12687,26066,39486
MO,29053,2249,6272,8710
MO,29055,2113,8725,10973
MO,29057,656,3414,4123
MO,29059,1380,6620,8122
MO,29061,740,3077,3884
MO,29063,930,3827,4842
MO,29065,1056,5987,7142
MO,29067,1012,5896,6994
MO,29069,2200,8135,10419
MO,29071,14561,38034,53750
MO,29073,1601,6222,7934
MO,29075,613,2580,3239
MO,29077,53307,81312,138074
MO,29079,799,3585,4437
MO,29081,597,3198,3825
MO,29083,2615,8019,10776
MO,29085,1054,3965,5080
MO,29087,338,1976,2344
MO,29089,1412,3552,5089
MO,29091,3214,15174,18637
MO,29093,945,3596,4592
MO,29095,198031,125897,330425
MO,29097,13539,37714,52515
MO,29099,37507,77021,116629
MO,29101,6961,15468,23134
MO,29103,340,1486,1856
MO,29105,2779,13755,16819
MO,29107,4470,12262,17083
MO,29109,3214,14421,17930
MO,29111,984,3541,4607
MO,29113,6553,21702,28814
MO,29115,1274,4344,5700
MO,29117,1409,5266,6755
MO,29119,1437,7465,9050
MO,29121,1661,6075,7834
MO,29123,1017,4581,5671
MO,29125,814,3890,4774
MO,29127,3201,9910,13370
MO,29129,222,1541,1779
MO,29131,2038,10175,12379
MO,29133,1178,3537,4756
MO,29135,1307,5738,7150
MO,29137,931,3466,4467
MO,29139,1206,4457,5770
MO,29141,1924,7439,9484
MO,29143,1748,5447,7248
MO,29145,5793,22090,28396
MO,29147,2849,6855,9874
MO,29149,823,3847,4742
MO,29151,1031,6341,7449
MO,29153,752,4064,4870
MO,29155,1556,4116,5727
MO,29157,1661,7634,9429
MO,29159,4776,13835,19069
MO,29161,5619,13438,19495
MO,29163,1717,5856,7686
MO,29165,28111,29251,58523
MO,29167,2883,11849,15059
MO,29169,3735,10326,14405
MO,29171,361,1984,2361
MO,29173,1205,4396,5662
MO,29175,2485,8018,10742
MO,29177,3107,8328,11654
MO,29179,529,2733,3298
MO,29181,833,4838,5743
MO,29183,89346,128193,222175
MO,29185,988,3930,4972
MO,29186,2713,6627,9495
MO,29187,7044,20506,27996
MO,29189,322802,196808,528075
MO,29195,2903,6447,9528
MO,29197,373,1606,2005
MO,29199,387,1560,1985
MO,29201,3753,13769,17748
MO,29203,706,3164,3908
MO,29205,592,2699,3355
MO,29207,1814,11460,13410
MO,29209,3486,14716,18378
MO,29211,478,1974,2471
MO,29213,5325,20426,26240
MO,29215,1716,9478,11332
MO,29217,1902,7135,9164
MO,29219,4769,13222,18373
MO,29221,1804,8046,9971
MO,29223,844,4984,5874
MO,29225,3572,14874,18776
MO,29227,215,877,1107
MO,29229,1167,7452,8737
MO,29510,108385,21185,131765
MT,30001,1608,3923,5661
MT,30003,2401,2185,4669
MT,30005,1589,1469,3121
MT,30007,830,3139,4056
MT,30009,2412,4424,7045
MT,30011,74,775,864
MT,30013,15384,23199,39688
MT,30015,988,1888,2967
MT,30017,1510,4204,5878
MT,30019,195,799,1014
MT,30021,962,3758,4837
MT,30023,2562,2184,4888
MT,30025,172,1375,1575
MT,30027,1491,4830,6487
MT,30029,20238,38233,60132
MT,30031,36964,31639,71363
MT,30033,41,764,813
MT,30035,3603,1882,5630
MT,30037,78,414,503
MT,30039,638,1419,2102
MT,30041,2972,3952,7167
MT,30043,2625,5345,8191
MT,30045,275,1040,1344
MT,30047,6911,9319,16617
MT,30049,19741,21407,42481
MT,30051,249,821,1083
MT,30053,2812,8516,11564
MT,30055,155,956,1128
MT,30057,1770,4186,6107
MT,30059,258,833,1110
MT,30061,686,1828,2562
MT,30063,43351,26336,71969
MT,30065,413,2423,2881
MT,30067,5277,6022,11612
MT,30069,39,298,351
MT,30071,414,1936,2384
MT,30073,903,2030,2994
MT,30075,154,970,1136
MT,30077,752,2347,3187
MT,30079,126,603,744
MT,30081,8757,19103,28490
MT,30083,874,4792,5789
MT,30085,1902,1991,4015
MT,30087,1199,2485,3782
MT,30089,1819,5660,7651
MT,30091,574,1402,2029
MT,30093,10442,7790,18973
MT,30095,1155,4430,5707
MT,30097,549,1840,2446
MT,30099,1007,2608,3695
MT,30101,467,1596,2123
MT,30103,78,373,460
MT,30105,1030,3135,4272
MT,30107,225,823,1068
MT,30109,77,516,598
MT,30111,29936,49548,81774
NE,31001,4213,10085,14602
NE,31003,452,3093,3583
NE,31005,21,260,284
NE,31007,43,362,410
NE,31009,35,280,317
NE,31011,499,2653,3217
NE,31013,1051,4002,5181
NE,31015,135,1010,1153
NE,31017,190,1468,1676
NE,31019,6350,16640,23589
NE,31021,1063,2580,3731
NE,31023,869,3526,4478
NE,31025,4737,10121,15284
NE,31027,725,4174,4996
NE,31029,226,1740,1993
NE,31031,373,2844,3265
NE,31033,855,3813,4765
NE,31035,632,2848,3558
NE,31037,1025,2636,3726
NE,31039,862,3476,4412
NE,31041,768,4996,5877
NE,31043,2744,3926,6794
NE,31045,1082,2931,4121
NE,31047,2497,6524,9178
NE,31049,141,871,1032
NE,31051,651,2335,3083
NE,31053,5526,10963,16835
NE,31055,146433,116696,269960
NE,31057,105,883,999
NE,31059,693,2359,3134
NE,31061,276,1434,1721
NE,31063,189,1229,1440
NE,31065,399,2163,2601
NE,31067,3385,7445,11068
NE,31069,161,1016,1195
NE,31071,133,925,1067
NE,31073,215,893,1118
NE,31075,20,375,402
NE,31077,229,1016,1258
NE,31079,7681,16189,24374
NE,31081,1117,4297,5520
NE,31083,282,1615,1928
NE,31085,34,494,534
NE,31087,175,1264,1469
NE,31089,683,4766,5531
NE,31091,59,376,442
NE,31093,648,2786,3501
NE,31095,1016,2616,3716
NE,31097,646,1517,2227
NE,31099,701,2822,3604
NE,31101,763,3544,4364
NE,31103,49,476,529
NE,31105,267,1553,1860
NE,31107,903,3719,4693
NE,31109,81131,68952,153687
NE,31111,3692,13071,17107
NE,31113,38,407,450
NE,31115,75,370,454
NE,31117,17,275,302
NE,31119,3393,11678,15407
NE,31121,740,3407,4267
NE,31123,386,2113,2558
NE,31125,359,1437,1828
NE,31127,921,2428,3423
NE,31129,409,1850,2296
NE,31131,2481,5609,8306
NE,31133,322,1071,1429
NE,31135,199,1321,1544
NE,31137,752,4157,5009
NE,31139,480,3462,4006
NE,31141,3208,11827,15256
NE,31143,527,2286,2870
NE,31145,811,4525,5452
NE,31147,981,2981,4018
NE,31149,84,744,841
NE,31151,1986,3631,5770
NE,31155,3318,9036,12646
NE,31157,4133,10810,15259
NE,31159,2438,6490,9142
NE,31161,340,2292,2672
NE,31163,343,1322,1698
NE,31165,72,642,729
NE,31167,532,2561,3165
NE,31169,619,2285,2951
NE,31171,45,377,427
NE,31173,1107,1164,2294
NE,31175,410,1892,2333
NE,31177,3554,8583,12413
NE,31179,1022,3055,4200
NE,31181,335,1511,1876
NE,31183,59,438,502
NE,31185,1619,5296,7089
NV,32001,2966,9088,12503
NV,32003,493740,402271,914373
NV,32005,11390,21237,33537
NV,32007,4381,16057,21081
NV,32009,72,389,474
NV,32011,92,833,942
NV,32013,1638,5671,7507
NV,32015,481,2118,2664
NV,32017,318,1949,2312
NV,32019,8264,20302,29392
NV,32021,759,1343,2179
NV,32023,6950,16575,24021
NV,32027,525,1668,2232
NV,32029,901,1907,2874
NV,32031,126089,114600,247823
NV,32033,836,3238,4177
NV,32510,12485,15771,29126
NJ,34001,68978,60957,131980
NJ,34003,259358,182831,448647
NJ,34005,144154,94755,242911
NJ,34007,160606,78600,243151
NJ,34009,23583,32770,56954
NJ,34011,30148,27294,58248
NJ,34013,224615,63971,291105
NJ,34015,84120,80700,168093
NJ,34017,157349,53435,213606
NJ,34019,37419,39751,78998
NJ,34021,109514,45926,158252
NJ,34023,184898,109625,298231
NJ,34025,172458,182304,359716
NJ,34027,112331,92302,208041
NJ,34029,113359,203613,322036
NJ,34031,112287,80593,195726
NJ,34033,13486,17768,31923
NJ,34035,101220,65234,169072
NJ,34037,33142,49609,84806
NJ,34039,129291,57160,188982
NJ,34041,22315,29867,53340
NM,35001,192042,115674,315332
NM,35003,594,1698,2325
NM,35005,6381,15656,22443
NM,35006,4745,3975,8903
NM,35007,2611,3271,6016
NM,35009,4307,10444,15101
NM,35011,231,656,901
NM,35013,47949,32789,82618
NM,35015,5424,17454,23222
NM,35017,7590,6553,14435
NM,35019,1229,912,2179
NM,35021,179,319,505
NM,35023,821,1117,1969
NM,35025,4061,16531,20918
NM,35027,3194,6942,10306
NM,35028,7554,4278,12293
NM,35029,3565,4407,8104
NM,35031,17969,7782,26406
NM,35033,1744,902,2683
NM,35035,8483,14521,23569
NM,35037,1170,2634,3873
NM,35039,10896,5390,16511
NM,35041,1802,4634,6608
NM,35043,40588,34174,76562
NM,35045,18081,32874,52293
NM,35047,7888,3421,11531
NM,35049,62507,18325,82198
NM,35051,2265,3542,5945
NM,35053,3722,3255,7160
NM,35055,13008,3662,17012
NM,35057,2344,4772,7281
NM,35059,383,1388,1789
NM,35061,14051,17245,31939
NY,36001,73189,45570,121529
NY,36003,4188,12670,17271
NY,36005,271835,55849,329638
NY,36007,32275,38351,72376
NY,36009,9142,20295,30051
NY,36011,11993,17639,30296
NY,36013,16200,31247,48428
NY,36015,11573,19388,31646
NY,36017,5126,11736,17241
NY,36019,12690,14354,27471
NY,36021,14148,12883,27537
NY,36023,6829,9484,16700
NY,36025,6420,11952,18763
NY,36027,57720,59661,119539
NY,36029,198808,178349,383952
NY,36031,6970,7953,15185
NY,36033,6586,8530,15397
NY,36035,5804,13989,20180
NY,36037,7048,17340,25004
NY,36039,7675,12722,20882
NY,36041,863,1917,2825
NY,36043,7282,17038,24766
NY,36045,12053,22779,35530
NY,36047,514133,174731,693937
NY,36049,2768,7931,10878
NY,36051,9150,16575,26333
NY,36053,10417,16553,27698
NY,36055,146403,122995,276241
NY,36057,5746,11500,17615
NY,36059,280288,286661,572706
NY,36061,377605,65001,446861
NY,36063,34809,51355,87821
NY,36065,30542,51950,84099
NY,36067,93850,78994,176798
NY,36069,20779,25757,47830
NY,36071,61868,76218,139956
NY,36073,4082,11173,15625
NY,36075,14677,28914,44546
NY,36077,9138,12682,22340
NY,36079,17106,25899,43661
NY,36081,412393,181225,597928
NY,36083,30450,33371,65285
NY,36085,67223,110094,178751
NY,36087,50926,63830,116024
NY,36089,13036,21862,35519
NY,36091,49697,55248,107583
NY,36093,31685,27544,60591
NY,36095,4006,9010,13374
NY,36097,2858,5181,8246
NY,36099,5076,7582,12954
NY,36101,11299,26781,38797
NY,36103,259463,333617,601261
NY,36105,10995,15555,26931
NY,36107,6724,13292,20555
NY,36109,22624,9640,33015
NY,36111,42606,33580,77667
NY,36113,11811,15200,27625
NY,36115,8537,14577,23607
NY,36117,12799,23734,37425
NY,36119,220963,126013,350749
NY,36121,3840,12969,17162
NY,36123,3046,5552,8817
NC,37001,38186,45490,84710
NC,37003,4113,15806,20120
NC,37005,1480,4501,6040
NC,37007,5788,5321,11183
NC,37009,4149,11368,15691
NC,37011,2171,7092,9339
NC,37013,9575,16352,26128
NC,37015,5846,3778,9676
NC,37017,7281,9623,17009
NC,37019,32984,55373,89183
NC,37021,96383,62253,160855
NC,37023,12985,30814,44182
NC,37025,51943,62974,116396
NC,37027,10105,31877,42438
NC,37029,1537,4312,5953
NC,37031,11999,29886,42367
NC,37033,4831,7040,11962
NC,37035,25420,56203,82751
NC,37037,26642,21055,48308
NC,37039,3563,12568,16341
NC,37041,3232,4458,7754
NC,37043,1685,5074,6828
NC,37045,16879,33664,51095
NC,37047,9382,16696,26243
NC,37049,21098,30943,52826
NC,37051,84110,59808,146204
NC,37053,4151,11566,16006
NC,37055,9855,13844,24061
NC,37057,21483,62143,84785
NC,37059,6653,18115,25059
NC,37061,8676,13703,22510
NC,37063,142770,31827,177227
NC,37065,16027,9162,25344
NC,37067,111769,84176,198469
NC,37069,15776,20748,37079
NC,37071,40231,72132,113791
NC,37073,2540,3354,5944
NC,37075,902,3673,4619
NC,37077,14568,16651,31605
NC,37079,3820,4858,8715
NC,37081,171538,106384,281201
NC,37083,15382,9973,25485
NC,37085,21839,34905,57733
NC,37087,13095,22698,36265
NC,37089,27014,39810,67773
NC,37091,7077,3470,10590
NC,37093,12036,9682,22078
NC,37095,1035,1408,2470
NC,37097,33426,66439,101276
NC,37099,9522,11263,21191
NC,37101,40861,67901,110246
NC,37103,2175,3267,5484
NC,37105,12076,16388,28851
NC,37107,13494,14500,28177
NC,37109,13178,36167,49850
NC,37111,5813,16852,22910
NC,37113,6213,14152,20589
NC,37115,4878,7928,13000
NC,37117,5910,6529,12536
NC,37119,377501,178921,566192
NC,37121,1852,7041,8960
NC,37123,4305,8363,12779
NC,37125,20547,36459,57771
NC,37127,25831,25794,52111
NC,37129,64876,62420,129254
NC,37131,6048,3977,10075
NC,37133,23474,45016,70117
NC,37135,63097,19993,84010
NC,37137,2699,4815,7572
NC,37139,9653,9626,19512
NC,37141,11655,21833,33971
NC,37143,2485,4894,7457
NC,37145,8451,13154,21827
NC,37147,46607,38515,86217
NC,37149,4485,7643,12253
NC,37151,15506,56589,72788
NC,37153,8718,11808,20683
NC,37155,18094,26012,44384
NC,37157,15811,30997,47241
NC,37159,22889,49053,72756
NC,37161,9049,24631,34076
NC,37163,10832,17330,28350
NC,37165,7137,7399,14632
NC,37167,8037,25297,33624
NC,37169,5258,19997,25525
NC,37171,8635,27344,36290
NC,37173,2765,4152,7026
NC,37175,8413,11578,20253
NC,37177,757,1043,1812
NC,37179,48199,79778,129475
NC,37181,12412,8385,20948
NC,37183,392146,225398,629804
NC,37185,6344,3739,10207
NC,37187,3387,2778,6191
NC,37189,17068,14395,31988
NC,37191,23986,30505,55091
NC,37193,7445,27397,35197
NC,37195,20579,19473,40446
NC,37197,3744,15861,19794
NC,37199,3678,7481,11282
ND,38001,258,981,1269
ND,38003,1800,3532,5507
ND,38005,822,1094,1961
ND,38007,72,541,635
ND,38009,821,2575,3471
ND,38011,228,1395,1657
ND,38013,136,984,1144
ND,38015,14348,34744,50753
ND,38017,40311,42619,86053
ND,38019,474,1499,2020
ND,38021,608,1742,2424
ND,38023,265,904,1202
ND,38025,342,1951,2338
ND,38027,383,854,1261
ND,38029,237,1738,2009
ND,38031,373,1362,1778
ND,38033,137,871,1026
ND,38035,12880,16987,30970
ND,38037,207,1132,1367
ND,38039,308,907,1250
ND,38041,195,1086,1306
ND,38043,221,1215,1460
ND,38045,527,1645,2219
ND,38047,128,930,1076
ND,38049,564,2364,3003
ND,38051,261,1153,1455
ND,38053,814,4482,5419
ND,38055,1230,4198,5536
ND,38057,704,3856,4675
ND,38059,3872,12243,16619
ND,38061,1251,2806,4142
ND,38063,586,1141,1777
ND,38065,129,918,1066
ND,38067,786,2460,3331
ND,38069,497,1585,2128
ND,38071,1639,3577,5372
ND,38073,945,1418,2454
ND,38075,220,1065,1319
ND,38077,2510,5072,7812
ND,38079,2482,1257,3804
ND,38081,738,1266,2070
ND,38083,104,688,812
ND,38085,804,258,1186
ND,38087,44,380,427
ND,38089,2499,12110,15050
ND,38091,392,652,1088
ND,38093,2676,6994,9959
ND,38095,317,828,1172
ND,38097,1493,2522,4136
ND,38099,1333,3324,4783
ND,38101,7293,19974,28246
ND,38103,442,1893,2374
ND,38105,2157,11707,14285
OH,39001,2130,9660,11905
OH,39003,13611,32052,46362
OH,39005,6448,19002,25883
OH,39007,16207,26225,43253
OH,39009,14047,10386,24876
OH,39011,4583,20451,25396
OH,39013,9007,23092,32534
OH,39015,4326,16032,20586
OH,39017,67729,111722,182034
OH,39019,3206,10525,13957
OH,39021,4946,14086,19369
OH,39023,23625,38217,62870
OH,39025,33505,73077,108315
OH,39027,4556,15061,19940
OH,39029,13183,35124,49169
OH,39031,4057,11982,16348
OH,39033,4831,15043,20222
OH,39035,402315,195089,603721
OH,39037,4668,21569,26621
OH,39039,5870,12778,19032
OH,39041,56961,65163,124004
OH,39043,17142,21724,39523
OH,39045,30634,49714,81564
OH,39047,2911,9220,12305
OH,39049,391584,203154,604058
OH,39051,6545,15396,22299
OH,39053,2911,10289,13358
OH,39055,20980,33581,55381
OH,39057,34023,50937,86616
OH,39059,4498,13077,17806
OH,39061,238101,173015,417408
OH,39063,11535,25796,37999
OH,39065,3025,9698,12954
OH,39067,1742,5668,7500
OH,39069,3995,10273,14482
OH,39071,3741,15369,19303
OH,39073,3836,9554,13786
OH,39075,1981,10645,12809
OH,39077,7643,18537,26628
OH,39079,3193,10804,14160
OH,39081,9823,22309,32572
OH,39083,8433,21825,30703
OH,39085,54337,71615,127867
OH,39087,7353,19759,27427
OH,39089,32324,57965,91830
OH,39091,4990,17625,22985
OH,39093,72792,76719,151988
OH,39095,111989,79628,194882
OH,39097,5558,13445,19309
OH,39099,56346,58601,116565
OH,39101,8089,18526,27126
OH,39103,39326,63451,104378
OH,39105,2452,8163,10764
OH,39107,3981,19145,23426
OH,39109,15420,40531,56968
OH,39111,1597,5392,7066
OH,39113,131592,126085,261849
OH,39115,1703,4932,6721
OH,39117,3988,13784,18088
OH,39119,11755,27334,39693
OH,39121,1156,5024,6221
OH,39123,8847,14285,23525
OH,39125,2172,6927,9280
OH,39127,4006,11959,16179
OH,39129,7167,20059,27630
OH,39131,3051,8872,12063
OH,39133,34935,45034,81280
OH,39135,4435,16697,21437
OH,39137,3152,16218,19671
OH,39139,17231,40534,58601
OH,39141,10345,21687,32531
OH,39143,10391,18487,29490
OH,39145,8876,21926,31146
OH,39147,8147,16739,25322
OH,39149,4399,19988,24785
OH,39151,74336,108610,185714
OH,39153,148151,122023,273915
OH,39155,43534,53756,98677
OH,39157,12643,29519,42785
OH,39159,10985,21233,32838
OH,39161,3026,11470,14767
OH,39163,1306,4525,5902
OH,39165,45040,85069,132391
OH,39167,9114,21798,31382
OH,39169,16340,36059,53240
OH,39171,4726,13218,18290
OH,39173,29797,34815,65860
OH,39175,2690,8248,11122
OK,40001,1387,5585,7108
OK,40003,232,1978,2262
OK,40005,765,4557,5389
OK,40007,190,1968,2178
OK,40009,1048,6767,7948
OK,40011,688,3136,3901
OK,40013,3323,12344,15976
OK,40015,2670,7013,9859
OK,40017,16742,43550,61940
OK,40019,4470,14699,19479
OK,40021,6027,11223,17714
OK,40023,1082,4698,5832
OK,40025,70,970,1054
OK,40027,49827,66677,119778
OK,40029,374,2091,2524
OK,40031,13747,20905,35631
OK,40033,393,2117,2572
OK,40035,1217,4686,6032
OK,40037,6577,23294,30505
OK,40039,2369,8060,10691
OK,40041,3472,13557,17245
OK,40043,214,2124,2359
OK,40045,162,1688,1873
OK,40047,4919,16970,22430
OK,40049,1865,8878,10922
OK,40051,4144,18538,23101
OK,40053,280,1916,2226
OK,40055,328,1605,1973
OK,40057,177,747,933
OK,40059,136,1327,1487
OK,40061,783,4165,5014
OK,40063,919,3875,4857
OK,40065,1646,6392,8221
OK,40067,319,2026,2385
OK,40069,738,3441,4251
OK,40071,4040,12834,17249
OK,40073,854,5521,6465
OK,40075,699,2673,3427
OK,40077,762,3437,4249
OK,40079,3299,15213,18805
OK,40081,2609,12013,14888
OK,40083,5455,15608,21574
OK,40085,711,3305,4076
OK,40087,3582,15295,19236
OK,40089,1858,9485,11467
OK,40091,2031,6172,8335
OK,40093,320,3084,3467
OK,40095,1100,4891,6064
OK,40097,3581,12749,16626
OK,40099,1156,4612,5894
OK,40101,8027,16526,25081
OK,40103,1003,3821,4938
OK,40105,712,3610,4391
OK,40107,896,3058,4038
OK,40109,141724,145050,294740
OK,40111,4357,9668,14313
OK,40113,6002,14121,20538
OK,40115,2686,8545,11438
OK,40117,1363,5267,6786
OK,40119,10904,17813,29643
OK,40121,3768,13851,17924
OK,40123,4117,10805,15320
OK,40125,7275,20240,28185
OK,40127,668,4016,4739
OK,40129,168,1629,1834
OK,40131,9589,34031,44553
OK,40133,2150,6011,8337
OK,40135,3035,12113,15386
OK,40137,3154,15560,19057
OK,40139,894,4505,5521
OK,40141,597,2076,2708
OK,40143,108996,150574,266678
OK,40145,8464,26165,35338
OK,40147,5790,17076,23501
OK,40149,598,4086,4777
OK,40151,591,2993,3678
OK,40153,1005,6611,7785
OR,41001,2332,7316,9878
OR,41003,35780,14853,52719
OR,41005,136782,108407,253206
OR,41007,12740,10001,23519
OR,41009,13535,16779,31518
OR,41011,14024,21488,36484
OR,41013,3715,11103,15165
OR,41015,6023,8441,14843
OR,41017,64102,54183,121732
OR,41019,18780,42513,63107
OR,41021,324,834,1178
OR,41023,928,3544,4593
OR,41025,894,3475,4481
OR,41027,8671,3911,12947
OR,41029,58386,63012,125184
OR,41031,4306,7044,11666
OR,41033,18311,31640,51358
OR,41035,10260,25048,36331
OR,41037,788,3449,4336
OR,41039,133924,80144,221585
OR,41041,17248,12336,30441
OR,41043,25893,42708,71148
OR,41045,3202,8101,11653
OR,41047,80138,78424,164156
OR,41049,1345,3557,5060
OR,41051,365787,82410,461453
OR,41053,22842,23670,48148
OR,41055,257,914,1197
OR,41057,7956,8306,16725
OR,41059,10499,21002,32539
OR,41061,4227,10247,14862
OR,41063,1619,3390,5128
OR,41065,6467,6965,13904
OR,41067,208447,98661,318353
OR,41069,216,710,963
OR,41071,26668,28933,57723
PA,42001,18250,37563,56627
PA,42003,417632,274926,703364
PA,42005,8406,27284,36111
PA,42007,37747,54108,93083
PA,42009,4367,23025,27574
PA,42011,89530,105941,198260
PA,42013,17425,44714,62784
PA,42015,8044,21586,30143
PA,42017,200006,183611,387700
PA,42019,36534,73023,110960
PA,42021,21749,48092,70600
PA,42023,634,1771,2434
PA,42025,10990,21607,33018
PA,42027,40054,36371,77490
PA,42029,179065,126844,310650
PA,42031,4615,14363,19213
PA,42033,9598,28984,39124
PA,42035,5498,11889,17608
PA,42037,10289,19752,30569
PA,42039,12610,28002,41125
PA,42041,61168,76149,139399
PA,42043,77397,65154,144482
PA,42045,200911,116216,321088
PA,42047,4478,11993,16713
PA,42049,68336,66912,137184
PA,42051,19518,39978,59941
PA,42053,715,1864,2621
PA,42055,22468,57308,80896
PA,42057,1085,6824,7978
PA,42059,4900,12556,17635
PA,42061,5448,17059,22793
PA,42063,12634,28087,41196
PA,42065,4498,17928,22761
PA,42067,2253,9648,12042
PA,42069,61124,51501,113975
PA,42071,114978,159783,278906
PA,42073,15772,29290,45558
PA,42075,23646,46267,70890
PA,42077,95889,82287,180284
PA,42079,64100,86127,151727
PA,42081,16958,41434,59213
PA,42083,5076,14067,19427
PA,42085,20426,35282,56420
PA,42087,4599,16663,21491
PA,42089,42865,37914,81794
PA,42091,313543,182907,501561
PA,42093,3768,5842,9812
PA,42095,84145,82830,169403
PA,42097,12703,28975,42335
PA,42099,5950,18293,24652
PA,42101,575974,128308,708953
PA,42103,13052,19241,32616
PA,42105,1686,7117,8901
PA,42107,20425,48100,69522
PA,42109,4848,13816,18945
PA,42111,8543,31105,40062
PA,42113,921,2622,3599
PA,42115,6084,14879,21325
PA,42117,4958,15750,21087
PA,42119,7377,12342,20078
PA,42121,7475,18286,26198
PA,42123,5987,14020,20401
PA,42125,44746,71397,117443
PA,42127,9186,18630,28077
PA,42129,71099,128596,202492
PA,42131,4704,9936,14858
PA,42133,85491,143415,233060
SC,45001,4101,8215,12433
SC,45003,32275,51589,85185
SC,45005,2718,835,3593
SC,45007,27169,67565,96093
SC,45009,4010,2417,6482
SC,45011,4720,5492,10321
SC,45013,43419,53194,97835
SC,45015,45223,57397,104458
SC,45017,3905,4305,8291
SC,45019,121485,93297,218857
SC,45021,6983,18043,25270
SC,45023,6941,8660,15757
SC,45025,7431,11297,18876
SC,45027,8250,8361,16733
SC,45029,8602,10440,19283
SC,45031,15220,16832,32417
SC,45033,6436,6582,13101
SC,45035,33824,41913,77278
SC,45037,4953,8184,13304
SC,45039,7382,4625,12136
SC,45041,31153,32615,64510
SC,45043,15822,20487,36668
SC,45045,103030,150021,258155
SC,45047,12145,19431,32006
SC,45049,5323,3906,9305
SC,45051,59180,118821,179744
SC,45053,7185,7078,14394
SC,45055,12699,20471,33629
SC,45057,18937,30312,49868
SC,45059,10159,20004,30488
SC,45061,5329,3008,8431
SC,45063,49301,92817,144568
SC,45065,2687,2958,5697
SC,45067,8872,5711,14704
SC,45069,6290,5044,11446
SC,45071,6958,11443,18631
SC,45073,10414,29698,40668
SC,45075,27295,13603,41205
SC,45077,13645,42907,57546
SC,45079,132570,58313,193822
SC,45081,2963,6210,9274
SC,45083,52926,93560,148655
SC,45085,27379,21000,48920
SC,45087,4935,8183,13257
SC,45089,10289,5532,15985
SC,45091,59008,82727,144050
SD,46003,317,1052,1405
SD,46005,2107,4808,7081
SD,46007,466,694,1183
SD,46009,721,2235,3001
SD,46011,6110,8000,14567
SD,46013,6538,10580,17547
SD,46015,673,1750,2490
SD,46017,352,183,549
SD,46019,939,3731,4802
SD,46021,117,747,873
SD,46023,1177,2552,3783
SD,46025,437,1373,1850
SD,46027,3083,2456,5698
SD,46029,3837,8958,13161
SD,46031,622,647,1283
SD,46033,1522,3852,5494
SD,46035,2648,5613,8454
SD,46037,1052,1869,2964
SD,46039,609,1699,2350
SD,46041,1131,790,1966
SD,46043,216,1468,1707
SD,46045,417,1538,1985
SD,46047,1053,2878,4042
SD,46049,198,964,1182
SD,46051,1056,2618,3745
SD,46053,455,1771,2258
SD,46055,105,1026,1137
SD,46057,647,2372,3083
SD,46059,373,1433,1836
SD,46061,557,1793,2388
SD,46063,49,748,813
SD,46065,2953,5522,8723
SD,46067,762,2944,3767
SD,46069,136,564,710
SD,46071,359,738,1115
SD,46073,270,721,1006
SD,46075,90,498,599
SD,46077,819,1904,2779
SD,46079,2068,3681,5873
SD,46081,4537,8753,13828
SD,46083,11981,19676,32455
SD,46085,525,1042,1597
SD,46087,769,2068,2900
SD,46089,222,1075,1324
SD,46091,858,1287,2178
SD,46093,3285,9875,13670
SD,46095,298,449,769
SD,46097,320,787,1138
SD,46099,40482,49249,92326
SD,46101,1179,1951,3206
SD,46103,20606,35063,57518
SD,46105,239,1401,1669
SD,46107,227,1139,1380
SD,46109,1828,2404,4307
SD,46111,257,905,1185
SD,46113,2829,297,3200
SD,46115,998,2104,3163
SD,46117,421,1203,1652
SD,46119,185,726,930
SD,46121,1963,532,2539
SD,46123,495,2161,2696
SD,46125,1139,3290,4548
SD,46127,2729,5949,8864
SD,46129,565,1966,2580
SD,46135,4016,6581,10900
SD,46137,481,404,906
TN,47001,11733,23163,35527
TN,47003,4443,14317,19039
TN,47005,1526,5661,7250
TN,47007,971,4725,5758
TN,47009,17834,47195,66306
TN,47011,9849,35194,45968
TN,47013,2438,12330,14929
TN,47015,1261,5190,6562
TN,47017,2558,9194,11893
TN,47019,4613,19873,24868
TN,47021,5457,14328,20091
TN,47023,1411,5951,7578
TN,47025,2201,10598,12935
TN,47027,735,2733,3506
TN,47029,2524,12182,14870
TN,47031,5704,17863,24313
TN,47033,1382,4673,6114
TN,47035,6728,25167,32307
TN,47037,197846,99415,308325
TN,47039,904,4229,5250
TN,47041,1747,6663,8501
TN,47043,6098,17619,24342
TN,47045,3157,11766,15074
TN,47047,7000,15661,22928
TN,47049,1210,7403,8687
TN,47051,4863,13977,19146
TN,47053,5764,16245,22336
TN,47055,3298,9783,13202
TN,47057,1463,8559,10123
TN,47059,5183,22185,28057
TN,47061,985,4795,5844
TN,47063,5497,18789,24606
TN,47065,75360,91991,170735
TN,47067,362,2372,2744
TN,47069,4180,5760,10058
TN,47071,1774,9556,11534
TN,47073,4069,20372,24776
TN,47075,4000,3338,7420
TN,47077,2092,9797,12020
TN,47079,3547,11230,15034
TN,47081,2130,7577,9832
TN,47083,869,2715,3681
TN,47085,2017,6116,8232
TN,47087,1133,4106,5308
TN,47089,4645,18609,23562
TN,47091,1242,6466,7793
TN,47093,91097,124339,219869
TN,47095,526,1492,2034
TN,47097,3193,5672,8963
TN,47099,3195,15334,18718
TN,47101,1068,4473,5604
TN,47103,2909,12258,15575
TN,47105,6933,21684,29375
TN,47107,4357,18175,22815
TN,47109,1943,9085,11267
TN,47111,1307,8095,9486
TN,47113,18309,23922,42847
TN,47115,3165,9873,13204
TN,47117,3603,11029,14862
TN,47119,14386,31408,46561
TN,47121,1008,4464,5529
TN,47123,3760,16742,20749
TN,47125,32426,42156,76678
TN,47127,573,2888,3539
TN,47129,1161,6926,8218
TN,47131,2589,10790,13521
TN,47133,2028,7911,10025
TN,47135,615,2775,3428
TN,47137,524,2373,2922
TN,47139,1492,6792,8360
TN,47141,9154,23694,33481
TN,47143,2363,11031,13608
TN,47145,6034,19195,25914
TN,47147,8690,24535,33712
TN,47149,59189,81373,143931
TN,47151,986,8004,9052
TN,47153,1295,5846,7239
TN,47155,8695,33742,43574
TN,47157,245208,129543,381858
TN,47159,1798,7124,9035
TN,47161,1230,4942,6283
TN,47163,17226,55774,74206
TN,47165,27630,63404,92529
TN,47167,6832,20063,27291
TN,47169,1011,2930,3991
TN,47171,1610,6593,8294
TN,47173,1248,6777,8096
TN,47175,544,2338,2917
TN,47177,4126,12323,16692
TN,47179,18214,40120,59430
TN,47181,820,5795,6667
TN,47183,3011,10382,13710
TN,47185,2134,9587,11867
TN,47187,50161,86469,138932
TN,47189,22197,50149,74092
TX,48001,3934,15062,19155
TX,48003,849,4937,5856
TX,48005,9136,25070,34628
TX,48007,2896,9210,12241
TX,48009,446,4300,4796
TX,48011,75,1035,1112
TX,48013,5865,12020,18085
TX,48015,2931,11282,14368
TX,48017,407,1430,1854
TX,48019,2503,10050,12703
TX,48021,15452,20486,36709
TX,48023,179,1478,1680
TX,48025,3280,5999,9405
TX,48027,56032,67113,125867
TX,48029,440823,303871,756021
TX,48031,1905,5429,7419
TX,48033,16,395,412
TX,48035,1552,7446,9094
TX,48037,10692,27053,38194
TX,48039,61780,89939,154037
TX,48041,35242,47456,84753
TX,48043,2251,2451,4805
TX,48045,77,639,724
TX,48047,1470,998,2484
TX,48049,2103,13681,15940
TX,48051,1786,6740,8604
TX,48053,5615,18721,24646
TX,48055,6536,7975,14775
TX,48057,2146,5640,7853
TX,48059,734,6006,6826
TX,48061,63732,48834,113789
TX,48063,1392,3626,5057
TX,48065,289,2747,3081
TX,48067,2777,10979,13856
TX,48069,466,1601,2082
TX,48071,3997,17343,21641
TX,48073,4196,15065,19457
TX,48075,305,1928,2259
TX,48077,614,5064,5736
TX,48079,176,806,996
TX,48081,215,1565,1794
TX,48083,451,3640,4128
TX,48085,227868,250194,486917
TX,48087,155,1048,1218
TX,48089,2403,7440,9912
TX,48091,24369,62260,87942
TX,48093,852,5177,6084
TX,48095,197,1058,1268
TX,48097,3205,15579,18966
TX,48099,7542,15397,23425
TX,48101,113,543,665
TX,48103,241,1247,1503
TX,48105,344,1219,1573
TX,48107,527,1396,1953
TX,48109,438,415,864
TX,48111,196,1386,1605
TX,48113,598576,307076,921638
TX,48115,808,2951,3789
TX,48117,1263,3293,4608
TX,48119,403,2157,2587
TX,48121,188023,221829,416610
TX,48123,1494,6567,8118
TX,48125,130,850,985
TX,48127,2264,1384,3666
TX,48129,198,1438,1648
TX,48131,2573,2442,5050
TX,48133,982,7216,8271
TX,48135,11310,32586,44417
TX,48137,166,893,1064
TX,48139,27513,56651,85566
TX,48141,168801,81235,254576
TX,48143,2914,13669,16837
TX,48145,1899,4177,6133
TX,48147,2638,12150,14969
TX,48149,2650,10163,12924
TX,48151,352,1448,1826
TX,48153,437,1581,2035
TX,48155,99,445,551
TX,48157,195191,157595,357833
TX,48159,803,4153,5000
TX,48161,1629,6966,8678
TX,48163,2421,2812,5264
TX,48165,572,5323,5960
TX,48167,58247,93306,153843
TX,48169,231,1411,1651
TX,48171,3163,12495,15817
TX,48173,39,611,653
TX,48175,872,3081,3978
TX,48177,1894,5568,7534
TX,48179,820,6812,7745
TX,48181,14223,43776,58760
TX,48183,14657,32352,47700
TX,48185,2831,9419,12398
TX,48187,28706,47423,77382
TX,48189,2271,7162,9560
TX,48191,167,992,1165
TX,48193,641,3613,4347
TX,48195,166,1848,2046
TX,48197,241,1330,1580
TX,48199,3449,23806,27555
TX,48201,911974,699822,1633671
TX,48203,7812,21318,29462
TX,48205,195,1866,2076
TX,48207,353,1837,2211
TX,48209,59213,47427,108822
TX,48211,206,1486,1720
TX,48213,7048,28816,36197
TX,48215,127507,89991,219939
TX,48217,2829,11869,14843
TX,48219,1481,6534,8091
TX,48221,5641,26487,32580
TX,48223,3043,12713,15932
TX,48225,2312,7050,9425
TX,48227,2017,7899,10043
TX,48229,371,771,1157
TX,48231,8879,29135,38517
TX,48233,957,7659,8741
TX,48235,120,759,889
TX,48237,331,3415,3779
TX,48239,1018,5116,6210
TX,48241,2906,12453,15469
TX,48243,501,783,1304
TX,48245,46022,47535,94665
TX,48247,1197,831,2034
TX,48249,6025,7389,13507
TX,48251,16418,54523,71928
TX,48253,989,5621,6691
TX,48255,1220,3959,5229
TX,48257,18290,37474,56435
TX,48259,6008,20064,26419
TX,48261,65,127,194
TX,48263,47,411,462
TX,48265,6510,20858,27738
TX,48267,284,1987,2292
TX,48269,8,151,159
TX,48271,446,1144,1603
TX,48273,5359,5557,11041
TX,48275,265,1180,1456
TX,48277,4420,16698,21338
TX,48279,835,3513,4394
TX,48281,2134,8070,10373
TX,48283,1052,1335,2406
TX,48285,1333,8802,10195
TX,48287,1745,6248,8075
TX,48289,1072,7522,8672
TX,48291,5779,23288,29314
TX,48293,2213,6786,9092
TX,48295,131,1203,1351
TX,48297,819,4198,5053
TX,48299,3167,9996,13278
TX,48301,4,60,66
TX,48303,39757,78560,120204
TX,48305,428,1853,2293
TX,48307,490,2898,3430
TX,48309,36550,59432,97617
TX,48311,53,460,516
TX,48313,1084,4165,5289
TX,48315,1331,3459,4844
TX,48317,288,1857,2160
TX,48319,566,2108,2700
TX,48321,3726,9836,13710
TX,48323,8324,6881,15338
TX,48325,6731,15599,22568
TX,48327,196,819,1023
TX,48329,12258,45463,58752
TX,48331,2475,7950,10523
TX,48333,271,2214,2502
TX,48335,397,2169,2578
TX,48337,1097,8613,9812
TX,48339,74255,193224,271175
TX,48341,1059,4356,5502
TX,48343,1664,3841,5548
TX,48345,46,604,652
TX,48347,8989,17359,26755
TX,48349,5097,13787,19105
TX,48351,1175,4882,6096
TX,48353,1161,4127,5352
TX,48355,60749,64467,126984
TX,48357,302,2811,3155
TX,48359,81,917,1009
TX,48361,6354,29170,35974
TX,48363,2177,10170,12478
TX,48365,2057,9322,11452
TX,48367,12789,61584,75434
TX,48369,488,2133,2648
TX,48371,1378,3213,4662
TX,48373,5353,18496,24072
TX,48375,9867,22732,33177
TX,48377,1463,721,2217
TX,48379,841,5147,6044
TX,48381,12750,50597,64412
TX,48383,172,942,1124
TX,48385,320,1643,1982
TX,48387,1244,4513,5800
TX,48389,1394,2249,3683
TX,48391,1108,2210,3366
TX,48393,17,529,550
TX,48395,2359,5631,8080
TX,48397,18149,38842,57792
TX,48399,531,3682,4262
TX,48401,4624,16511,21367
TX,48403,662,4767,5461
TX,48405,979,3005,3998
TX,48407,2332,10154,12628
TX,48409,8971,16495,25850
TX,48411,287,2308,2602
TX,48413,211,939,1158
TX,48415,818,4978,5865
TX,48417,130,1484,1628
TX,48419,2058,7962,10063
TX,48421,91,885,990
TX,48423,29343,68546,99521
TX,48425,768,4099,4940
TX,48427,9099,8224,17478
TX,48429,396,3385,3799
TX,48431,51,584,639
TX,48433,116,615,736
TX,48435,322,1222,1557
TX,48437,478,1842,2353
TX,48439,409752,408224,831322
TX,48441,14489,39439,54924
TX,48443,119,334,458
TX,48445,757,2809,3608
TX,48447,82,806,899
TX,48449,2852,7563,10530
TX,48451,12106,32129,44891
TX,48453,432062,159907,605034
TX,48455,1323,5579,6938
TX,48457,1390,8095,9547
TX,48459,2869,15775,18850
TX,48461,169,1176,1365
TX,48463,4066,6160,10323
TX,48465,6401,7839,14417
TX,48467,3419,22126,25753
TX,48469,10371,23347,34205
TX,48471,7875,15368,23641
TX,48473,8130,14206,22617
TX,48475,761,3238,4034
TX,48477,4254,12949,17410
TX,48479,41820,25898,68397
TX,48481,4671,11892,16709
TX,48483,168,2158,2336
TX,48485,13024,31930,45753
TX,48487,954,3520,4518
TX,48489,3097,2437,5575
TX,48491,142457,138649,287696
TX,48493,6350,18457,25006
TX,48495,358,1753,2126
TX,48497,4953,26986,32297
TX,48499,3487,18962,22665
TX,48501,419,2172,2633
TX,48503,1036,7112,8242
TX,48505,1820,2032,3867
TX,48507,2864,1490,4379
UT,49001,356,2673,3076
UT,49003,4362,20984,26312
UT,49005,15859,36077,54646
UT,49007,2306,6255,8822
UT,49009,105,473,590
UT,49011,56216,101989,166303
UT,49013,830,7445,8442
UT,49015,566,4166,4816
UT,49017,513,2149,2722
UT,49019,2733,2168,5027
UT,49021,4673,18113,23731
UT,49023,645,5087,5884
UT,49025,1005,2777,3869
UT,49027,603,5145,5872
UT,49029,1060,4957,6254
UT,49031,86,773,871
UT,49033,178,1118,1320
UT,49035,266080,206835,490370
UT,49037,3004,3454,6677
UT,49039,1746,10173,12280
UT,49041,1032,8427,9731
UT,49043,14947,9928,25439
UT,49045,8936,21006,31489
UT,49047,1601,12777,14736
UT,49049,72324,183008,269877
UT,49051,5762,9953,16456
UT,49053,20065,65601,88209
UT,49055,362,1207,1596
UT,49057,39652,64066,108335
VA,51001,7578,9172,16938
VA,51003,42466,20804,64284
VA,51005,2243,5859,8191
VA,51007,2411,5390,7881
VA,51009,5739,11068,17059
VA,51011,2418,6702,9239
VA,51013,105344,22318,129498
VA,51015,10840,30714,42162
VA,51017,674,1824,2513
VA,51019,12176,35600,48484
VA,51021,532,2903,3475
VA,51023,5705,15102,21071
VA,51025,4552,3357,7948
VA,51027,1587,8311,9942
VA,51029,3471,4544,8108
VA,51031,8073,21250,29813
VA,51033,7657,8336,16288
VA,51035,2842,12659,15619
VA,51036,2624,1761,4439
VA,51037,2317,3815,6180
VA,51041,111094,98541,212576
VA,51043,3920,5192,9290
VA,51045,587,2536,3163
VA,51047,10617,16012,27116
VA,51049,2230,3019,5302
VA,51051,1503,5748,7303
VA,51053,6224,8695,15063
VA,51057,3038,3075,6171
VA,51059,404886,162295,578924
VA,51061,17565,25106,43448
VA,51063,3004,6225,9376
VA,51065,7414,8155,15795
VA,51067,8381,20895,29630
VA,51069,17200,30755,48736
VA,51071,2156,6876,9157
VA,51073,6964,14875,22228
VA,51075,6685,9966,16893
VA,51077,1535,6529,8120
VA,51079,4163,6866,11270
VA,51081,2627,1914,4565
VA,51083,7666,10418,18224
VA,51085,25307,44318,70728
VA,51087,116572,63440,182426
VA,51089,9127,16725,26075
VA,51091,417,1092,1531
VA,51093,9399,13707,23434
VA,51095,25553,23153,49416
VA,51097,1590,2450,4104
VA,51099,5404,8446,14164
VA,51101,3260,7320,10722
VA,51103,3368,3697,7136
VA,51105,1489,8365,9932
VA,51107,138372,82088,223599
VA,51109,8269,13294,21858
VA,51111,2413,3586,6038
VA,51113,2698,5300,8129
VA,51115,1824,3900,5824
VA,51117,6803,9266,16204
VA,51119,2491,4196,6764
VA,51121,23218,20629,44789
VA,51125,4307,4799,9335
VA,51127,4610,9636,14418
VA,51131,3667,2955,6722
VA,51133,3252,4485,7793
VA,51135,2976,4032,7080
VA,51137,7995,12426,20688
VA,51139,3007,9345,12486
VA,51141,1954,7485,9534
VA,51143,10115,23751,34151
VA,51145,5320,14055,19696
VA,51147,4973,4434,9543
VA,51149,6870,10106,17164
VA,51153,141946,80826,225981
VA,51155,4925,12127,17327
VA,51157,2096,2812,4964
VA,51159,1513,2547,4091
VA,51161,21901,34005,56787
VA,51163,4022,8047,12368
VA,51165,12644,30349,43646
VA,51167,2373,10879,13368
VA,51169,1692,9063,10845
VA,51171,6836,16463,23645
VA,51173,3008,10963,14104
VA,51175,3969,5730,9786
VA,51177,34385,39506,75212
VA,51179,40245,37636,79257
VA,51181,2397,2025,4462
VA,51183,2851,2227,5114
VA,51185,3205,16731,20095
VA,51187,6603,14069,21037
VA,51191,6617,21678,28684
VA,51193,4453,5286,9853
VA,51195,3110,13366,16584
VA,51197,3143,11733,15046
VA,51199,17683,20241,38604
VA,51510,66240,14544,81806
VA,51520,2313,5347,7785
VA,51530,825,1863,2815
VA,51540,20696,3094,24101
VA,51550,66377,58180,126655
VA,51570,2972,6007,9114
VA,51580,964,1580,2594
VA,51590,11710,7428,19333
VA,51595,1612,754,2379
VA,51600,9192,4002,13397
VA,51610,7146,1490,8750
VA,51620,2525,1487,4047
VA,51630,8517,4037,12794
VA,51640,777,1838,2633
VA,51650,46220,18430,65656
VA,51660,11022,5591,16977
VA,51670,5427,4018,9606
VA,51678,1797,908,2753
VA,51680,17447,16697,35866
VA,51683,10356,6256,16892
VA,51685,3913,2062,6071
VA,51690,3766,2165,6004
VA,51700,50319,25594,77859
VA,51710,59396,22038,82862
VA,51720,464,1112,1597
VA,51730,12389,1584,14081
VA,51735,2054,5605,7819
VA,51740,30948,12755,44426
VA,51750,3358,2786,6289
VA,51760,86460,15707,103917
VA,51770,26773,15607,43157
VA,51775,5148,7685,13053
VA,51790,6981,5695,12990
VA,51800,28676,20082,49482
VA,51810,134252,115107,253477
VA,51820,4961,5507,10677
VA,51830,4790,1963,6845
VA,51840,6610,5221,12044
WA,53001,1562,3449,5109
WA,53003,4233,7259,11795
WA,53005,38081,59746,100997
WA,53007,19005,22476,42387
WA,53009,24335,22732,48267
WA,53011,139863,125833,272477
WA,53013,644,1699,2397
WA,53015,23802,34215,59608
WA,53017,7554,12619,20567
WA,53019,1465,2735,4292
WA,53021,13148,17849,31833
WA,53023,362,1062,1470
WA,53025,11572,24442,36878
WA,53027,16623,18960,36551
WA,53029,29003,22535,53089
WA,53031,17067,6786,24352
WA,53033,902562,266988,1195188
WA,53035,89812,61204,156733
WA,53037,11004,13778,25579
WA,53039,5608,6866,12720
WA,53041,14462,29318,44935
WA,53043,1694,5095,6916
WA,53045,16999,18342,36432
WA,53047,8621,11544,20561
WA,53049,6776,6930,13973
WA,53051,2578,5655,8422
WA,53053,247277,195835,456335
WA,53055,9606,2994,12896
WA,53057,35741,30389,67856
WA,53059,3100,3783,7066
WA,53061,254917,165128,432301
WA,53063,134884,147635,291366
WA,53065,6563,14566,21523
WA,53067,94076,63087,161987
WA,53069,1150,1711,2924
WA,53071,10705,12068,23300
WA,53073,83342,50311,137129
WA,53075,10106,8273,19001
WA,53077,41999,49550,93467
WV,54001,1457,5116,6677
WV,54003,16075,32062,49146
WV,54005,2041,6816,9012
WV,54007,1457,4120,5664
WV,54009,2947,7545,10656
WV,54011,14994,21721,37360
WV,54013,568,2364,2971
WV,54015,641,2679,3365
WV,54017,435,2619,3101
WV,54019,5063,11580,16862
WV,54021,599,2012,2662
WV,54023,607,4871,5509
WV,54025,4655,10925,15850
WV,54027,1939,8033,10086
WV,54029,3790,9806,13800
WV,54031,1381,4859,6331
WV,54033,9149,20581,30375
WV,54035,3207,10093,13508
WV,54037,12127,15033,27703
WV,54039,34344,46398,82244
WV,54041,1538,5782,7457
WV,54043,1711,6012,7830
WV,54045,2333,10534,13026
WV,54047,1333,5148,6527
WV,54049,8901,16300,25794
WV,54051,3348,10137,13666
WV,54053,2511,8422,11149
WV,54055,5556,19237,25134
WV,54057,2660,10040,12872
WV,54059,1385,8521,9987
WV,54061,20282,20803,42072
WV,54063,1345,5068,6490
WV,54065,1998,6537,8695
WV,54067,2226,8279,10630
WV,54069,7139,12226,19674
WV,54071,820,2782,3659
WV,54073,699,2742,3491
WV,54075,1047,2895,4008
WV,54077,3163,11190,14572
WV,54079,7878,20034,28501
WV,54081,7841,24297,32640
WV,54083,3362,8673,12200
WV,54085,586,3649,4283
WV,54087,1455,4213,5763
WV,54089,1448,4074,5585
WV,54091,1787,5439,7334
WV,54093,938,2841,3844
WV,54095,631,3226,3922
WV,54097,2256,7771,10221
WV,54099,3964,12462,16735
WV,54101,610,2759,3402
WV,54103,1539,4993,6667
WV,54105,466,2134,2653
WV,54107,10816,26963,38403
WV,54109,1149,7254,8485
WI,55001,4329,7362,11808
WI,55003,4794,3845,8744
WI,55005,9194,15803,25345
WI,55007,6155,4617,10885
WI,55009,65509,75865,144011
WI,55011,2859,4834,7811
WI,55013,3569,6461,10141
WI,55015,12115,18142,30858
WI,55017,14001,21316,35945
WI,55019,4520,10001,14873
WI,55021,16408,16925,33917
WI,55023,3953,4620,8698
WI,55025,260157,78789,344745
WI,55027,16355,31354,48497
WI,55029,10044,9752,20117
WI,55031,13214,10919,24668
WI,55033,9909,13176,23543
WI,55035,31617,25339,58235
WI,55037,781,2133,2939
WI,55039,20588,35754,57322
WI,55041,1722,3287,5052
WI,55043,10942,13981,25379
WI,55045,10850,10165,21400
WI,55047,3344,7165,10663
WI,55049,7828,5907,13984
WI,55051,1533,2439,4031
WI,55053,4255,5789,10187
WI,55055,19904,27209,47967
WI,55057,4747,8749,13702
WI,55059,42191,44972,88691
WI,55061,3977,7927,12071
WI,55063,37843,28683,67848
WI,55065,3647,4820,8557
WI,55067,3703,7330,11159
WI,55069,6260,10017,16531
WI,55071,16817,27217,44808
WI,55073,30807,44623,76741
WI,55075,7363,15303,22977
WI,55077,3239,5719,9060
WI,55078,1303,278,1586
WI,55079,317251,134355,458935
WI,55081,8432,13775,22564
WI,55083,6715,16226,23214
WI,55085,10105,13671,24159
WI,55087,47659,58379,108223
WI,55089,26515,33912,61453
WI,55091,1489,2584,4140
WI,55093,9789,12813,23336
WI,55095,9361,16590,26326
WI,55097,20426,19298,40601
WI,55099,3132,5394,8645
WI,55101,50154,54475,106441
WI,55103,3995,4877,9016
WI,55105,46649,37133,85348
WI,55107,2517,5257,7881
WI,55109,23190,32190,56701
WI,55111,18103,17489,36249
WI,55113,4494,5883,10479
WI,55115,7131,15447,22878
WI,55117,27109,37624,66020
WI,55119,2693,7656,10683
WI,55121,6283,8828,15356
WI,55123,7457,8216,15910
WI,55125,5903,9261,15338
WI,55127,22783,33844,57588
WI,55129,3867,6332,10371
WI,55131,26647,60235,88254
WI,55133,103867,159633,267957
WI,55135,9699,18948,29118
WI,55137,4388,9016,13564
WI,55139,44060,47795,94032
WI,55141,16360,24307,41197
WY,56001,9091,8575,18612
WY,56003,788,4806,5752
WY,56005,1935,16973,19564
WY,56007,1427,5012,6662
WY,56009,861,5916,6969
WY,56011,378,3651,4119
WY,56013,5519,12007,18111
WY,56015,1203,4878,6241
WY,56017,482,1999,2577
WY,56019,897,3881,4914
WY,56021,15181,27814,44865
WY,56023,1509,8673,10498
WY,56025,8528,25267,35196
WY,56027,155,1118,1308
WY,56029,3404,12802,16699
WY,56031,890,3898,4923
WY,56033,4043,11843,16428
WY,56035,882,3957,4970
WY,56037,3822,12197,16489
WY,56039,9848,4341,14677
WY,56041,1591,7494,9400
CT,09001,12879.957,7300.2174,20467.652
CT,09003,9804.6552,5495.2069,15542.759
CT,09005,1929.3846,2138.8077,4136.8077
CT,09007,3789.8667,2711,6613.2
CT,09009,8941.2963,6280.2222,15422.185
CT,09011,3783.7619,2719.5238,6647.8095
CT,09013,3385.0769,2678.3846,6195.8462
CT,09015,1780.1333,1942.7333,3805.2
ME,23001,1969.1429,2089.9286,4197.8571
ME,23003,198.77612,292.86567,502.77612
ME,23005,4591.5357,2124.6786,6926.6071
ME,23007,320.95455,332.90909,680.5
ME,23009,497.62162,369.24324,892.83784
ME,23011,1182.6552,1177.6207,2439.3793
ME,23013,822.11111,548.33333,1405.7222
ME,23015,639.11111,527.33333,1199.5
ME,23017,379.10811,455.67568,861.72973
ME,23019,588.78333,668.86667,1302.7
ME,23021,163.65,285.15,461.2
ME,23023,1353.1,975.5,2404.2
ME,23025,263.85294,409.26471,692.02941
ME,23027,476.5,433.80769,942.23077
ME,23029,105.72727,161.45455,274.04545
ME,23031,2392.1786,1747.25,4263.8571
MA,25001,5294.7857,3094.5,8568.7857
MA,25003,1475.4688,501.875,2021.625
MA,25005,7503.15,5904.25,13702.25
MA,25007,1394.7143,369.71429,1799.2857
MA,25009,7745.6061,4228.2121,12244
MA,25011,801.68,314.6,1149.6
MA,25013,5240,3352.7,8789.9
MA,25015,2832.7368,1015.9474,3936.8421
MA,25017,11099.444,4136.5556,15595.759
MA,25019,5234,1912,7297
MA,25021,8583.44,3631.68,12495.72
MA,25023,5251.3333,4127.037,9613.8519
MA,25025,82201.333,17344.667,101401
MA,25027,4065.3898,2825.5085,7081.9831
NH,33001,1535.8182,1899.9091,3495.7273
NH,33003,924.94444,897.22222,1848.4444
NH,33005,1109.6522,778.17391,1923
NH,33007,332.17391,374.65217,718.6087
NH,33009,850.76923,510.38462,1384.3333
NH,33011,3946.5806,3375,7452.9032
NH,33013,1797.5185,1470.7778,3329.1481
NH,33015,2704.4324,2590.7568,5376.8378
NH,33017,3209.3077,2345.3077,5671.4615
NH,33019,826,767.2,1625.5333
RI,44001,6004.6667,3246.3333,9399
RI,44003,9821.6,8399.2,18512.8
RI,44005,4913.3333,2620,7648.8333
RI,44007,10310.5,6408.5625,16954.25
RI,44009,4949.2222,3313.1111,8397.8889
VT,50001,625.54545,260.5,918.13636
VT,50003,786.9375,443.5,1271.25
VT,50005,530,385.35294,952.11765
VT,50007,4405.0588,1233.5882,5818.5882
VT,50009,108.07692,136.38462,252.92308
VT,50011,924,762.64286,1753.2857
VT,50013,588.75,327.75,946
VT,50015,1024,416.3,1495.1
VT,50017,604.76471,363.41176,1005.9412
VT,50019,376.15789,342.73684,742.26316
VT,50021,650.17857,523.28571,1212.3571
VT,50023,1258.45,446.25,1765.2
VT,50025,853,286.72727,1185.3636
VT,50027,974.95833,416.25,1437.7917